"table","op","type","mode","n","impl","median_us","itr_sec","n_itr","speedup_none","speedup_base","flag","rsimd_version","timestamp","machine"
"main","sum","double","fast",1000,"neon",0.983999996151397,756638.553242456,200,2.87500002166289,2.25000001444193,FALSE,"0.1.0","2026-10-07T06:49:13Z","darwin-arm64"
"main","sum","double","fast",1000,"none",2.82900001025155,314733.129308291,200,1,0.78260869477856,FALSE,"0.1.0","2026-10-07T06:49:13Z","darwin-arm64"
"main","sum","double","fast",1000,"base",2.2140000055515,410299.332690737,200,1.27777777920414,1,FALSE,"0.1.0","2026-10-07T06:49:13Z","darwin-arm64"
"main","sum","integer","fast",1000,"neon",0.943000003417183,916065.491563001,200,1.47826087349648,0.869565240978873,FALSE,"0.1.0","2026-10-07T06:49:13Z","darwin-arm64"
"main","sum","integer","fast",1000,"none",1.39400000875867,598239.975518383,200,1,0.5882353085096,FALSE,"0.1.0","2026-10-07T06:49:13Z","darwin-arm64"
"main","sum","integer","fast",1000,"base",0.82000002521454,1179412.18143073,200,1.69999995840726,1,FALSE,"0.1.0","2026-10-07T06:49:13Z","darwin-arm64"
"main","mean","double","fast",1000,"neon",0.984000024573106,746335.488921416,200,3.04166658603258,3.83333325149576,FALSE,"0.1.0","2026-10-07T06:49:13Z","darwin-arm64"
"main","mean","double","fast",1000,"none",2.99299999539926,306102.45790807,200,1,1.26027397910689,FALSE,"0.1.0","2026-10-07T06:49:13Z","darwin-arm64"
"main","mean","double","fast",1000,"base",3.77200001366873,247591.552736756,200,0.793478256774501,1,FALSE,"0.1.0","2026-10-07T06:49:13Z","darwin-arm64"
"main","dot","double","fast",1000,"neon",1.31199999486853,444631.188241866,200,2.81250001083144,1.78125001624717,FALSE,"0.1.0","2026-10-07T06:49:13Z","darwin-arm64"
"main","dot","double","fast",1000,"none",3.68999999977859,264737.261021387,200,1,0.633333336671023,FALSE,"0.1.0","2026-10-07T06:49:13Z","darwin-arm64"
"main","dot","double","fast",1000,"base",2.33700001217585,374054.809293538,200,1.57894736009994,1,FALSE,"0.1.0","2026-10-07T06:49:13Z","darwin-arm64"
"main","dot","double","fast",1000,"blas",2.33699998375414,251835.248891258,200,1.5789473793025,1.00000001216162,FALSE,"0.1.0","2026-10-07T06:49:13Z","darwin-arm64"
"main","add","double","fast",1000,"neon",1.92699999956858,446994.29719138,200,1.52127659197893,0.457446808667545,FALSE,"0.1.0","2026-10-07T06:49:13Z","darwin-arm64"
"main","add","double","fast",1000,"none",2.93149999208708,349806.293841425,200,1,0.30069930154679,FALSE,"0.1.0","2026-10-07T06:49:13Z","darwin-arm64"
"main","add","double","fast",1000,"base",0.881500000105007,1356898.11727595,200,3.32558138597604,1,FALSE,"0.1.0","2026-10-07T06:49:13Z","darwin-arm64"
"main","add","integer","fast",1000,"neon",1.43500000149288,561146.759486287,200,1.80000001584486,2,FALSE,"0.1.0","2026-10-07T06:49:13Z","darwin-arm64"
"main","add","integer","fast",1000,"none",2.58300002542455,308815.445078031,200,1,1.11111110133034,FALSE,"0.1.0","2026-10-07T06:49:13Z","darwin-arm64"
"main","add","integer","fast",1000,"base",2.87000000298576,279961.476613585,200,0.900000007922428,1,FALSE,"0.1.0","2026-10-07T06:49:13Z","darwin-arm64"
"main","fma","double","fast",1000,"neon",1.5990000150623,514887.984346169,200,1.99999998222532,0.717948708377738,FALSE,"0.1.0","2026-10-07T06:49:13Z","darwin-arm64"
"main","fma","double","fast",1000,"none",3.19800000170289,290325.483400496,200,1,0.358974357379196,FALSE,"0.1.0","2026-10-07T06:49:13Z","darwin-arm64"
"main","fma","double","fast",1000,"base",1.14799999550996,877031.418885503,200,2.78571429809308,1,FALSE,"0.1.0","2026-10-07T06:49:13Z","darwin-arm64"
"main","pmax","double","fast",1000,"neon",1.84499998567844,446830.523669694,200,1.58888890463594,3.06666670158403,FALSE,"0.1.0","2026-10-07T06:49:13Z","darwin-arm64"
"main","pmax","double","fast",1000,"none",2.93150000629794,304973.35214697,200,1,1.93006993291749,FALSE,"0.1.0","2026-10-07T06:49:13Z","darwin-arm64"
"main","pmax","double","fast",1000,"base",5.6580000205031,144787.889209367,200,0.518115941264574,1,FALSE,"0.1.0","2026-10-07T06:49:13Z","darwin-arm64"
"main","exp","double","fast",1000,"neon",2.87000000298576,289670.354408638,200,1.14285714214978,1.20000000396121,FALSE,"0.1.0","2026-10-07T06:49:13Z","darwin-arm64"
"main","exp","double","fast",1000,"none",3.28000000138218,289773.599271629,200,1,1.05000000411595,FALSE,"0.1.0","2026-10-07T06:49:13Z","darwin-arm64"
"main","exp","double","fast",1000,"base",3.4440000149516,269818.50611344,200,0.952380948647666,1,FALSE,"0.1.0","2026-10-07T06:49:13Z","darwin-arm64"
"main","any_na","double","fast",1000,"neon",0.696999990168479,1059524.0614686,200,1.29411768064005,0.588235320502895,FALSE,"0.1.0","2026-10-07T06:49:13Z","darwin-arm64"
"main","any_na","double","fast",1000,"none",0.902000010682968,987459.259804895,200,1,0.454545463138997,FALSE,"0.1.0","2026-10-07T06:49:13Z","darwin-arm64"
"main","any_na","double","fast",1000,"base",0.41000001260727,2437805.44741835,200,2.19999995840726,1,FALSE,"0.1.0","2026-10-07T06:49:13Z","darwin-arm64"
"main","any_na","integer","fast",1000,"neon",0.574000011965836,1532050.47936125,200,1.57142855728138,0.857142885437241,FALSE,"0.1.0","2026-10-07T06:49:13Z","darwin-arm64"
"main","any_na","integer","fast",1000,"none",0.902000010682968,1029993.4089047,200,1,0.545454568370658,FALSE,"0.1.0","2026-10-07T06:49:13Z","darwin-arm64"
"main","any_na","integer","fast",1000,"base",0.492000026497408,1938040.80753945,200,1.83333325630973,1,FALSE,"0.1.0","2026-10-07T06:49:13Z","darwin-arm64"
"main","is_na","double","fast",1000,"neon",1.10699997435404,719370.118678306,200,2.07407411401224,0.555555572671912,FALSE,"0.1.0","2026-10-07T06:49:13Z","darwin-arm64"
"main","is_na","double","fast",1000,"none",2.29599999101993,413464.041740633,200,1,0.267857145951841,FALSE,"0.1.0","2026-10-07T06:49:13Z","darwin-arm64"
"main","is_na","double","fast",1000,"base",0.61500000470005,1468849.36058691,200,3.73333329020012,1,FALSE,"0.1.0","2026-10-07T06:49:13Z","darwin-arm64"
"main","which","logical","fast",1000,"neon",1.43500000149288,568736.010379891,200,1.08571429024139,1.01428571173922,FALSE,"0.1.0","2026-10-07T06:49:13Z","darwin-arm64"
"main","which","logical","fast",1000,"none",1.55800000811723,562895.07948191,200,1,0.934210520074957,FALSE,"0.1.0","2026-10-07T06:49:13Z","darwin-arm64"
"main","which","logical","fast",1000,"base",1.45549999785999,558065.297121411,200,1.07042254236204,1,FALSE,"0.1.0","2026-10-07T06:49:13Z","darwin-arm64"
"main","count","logical","fast",1000,"neon",0.738000011324402,1070921.78655629,200,1.55555556411373,1.11111112822747,FALSE,"0.1.0","2026-10-07T06:49:13Z","darwin-arm64"
"main","count","logical","fast",1000,"none",1.14800002393167,750584.513403348,200,1,0.71428572135931,FALSE,"0.1.0","2026-10-07T06:49:13Z","darwin-arm64"
"main","count","logical","fast",1000,"base",0.82000002521454,1118818.5179578,200,1.39999998613575,1,FALSE,"0.1.0","2026-10-07T06:49:13Z","darwin-arm64"
"main","max_abs","double","fast",1000,"neon",1.10700003119746,687727.161402193,200,1.99999994865093,1.05555553130738,FALSE,"0.1.0","2026-10-07T06:49:13Z","darwin-arm64"
"main","max_abs","double","fast",1000,"none",2.2140000055515,435578.959207362,200,1,0.527777779204141,FALSE,"0.1.0","2026-10-07T06:49:13Z","darwin-arm64"
"main","max_abs","double","fast",1000,"base",1.16850000608792,778370.633139378,200,1.89473683698458,1,FALSE,"0.1.0","2026-10-07T06:49:13Z","darwin-arm64"
"main","which_max_abs","double","fast",1000,"neon",0.902000010682968,888695.345427662,200,2.49999996849034,4.81818178953668,FALSE,"0.1.0","2026-10-07T06:49:13Z","darwin-arm64"
"main","which_max_abs","double","fast",1000,"none",2.25499999828571,378671.69449313,200,1,1.92727274010575,FALSE,"0.1.0","2026-10-07T06:49:13Z","darwin-arm64"
"main","which_max_abs","double","fast",1000,"base",4.34600002563457,219930.061883753,200,0.518867921073345,1,FALSE,"0.1.0","2026-10-07T06:49:13Z","darwin-arm64"
"main","as_integer","double","fast",1000,"neon",2.29600001944164,370559.766360881,200,1.44642856280763,0.375000004642047,FALSE,"0.1.0","2026-10-07T06:49:13Z","darwin-arm64"
"main","as_integer","double","fast",1000,"none",3.32100000832725,296718.294896372,200,1,0.259259264013803,FALSE,"0.1.0","2026-10-07T06:49:13Z","darwin-arm64"
"main","as_integer","double","fast",1000,"base",0.861000017948754,1121648.36350716,200,3.8571427864069,1,FALSE,"0.1.0","2026-10-07T06:49:13Z","darwin-arm64"
"main","hamming","double","fast",1000,"neon",1.76300000021001,405996.568193851,200,1.60465116841438,1.32558140209725,FALSE,"0.1.0","2026-10-07T06:49:13Z","darwin-arm64"
"main","hamming","double","fast",1000,"none",2.82900001025155,312395.054076932,200,1,0.82608695783216,FALSE,"0.1.0","2026-10-07T06:49:13Z","darwin-arm64"
"main","hamming","double","fast",1000,"base",2.33700001217585,405827.685326407,200,1.21052631386922,1,FALSE,"0.1.0","2026-10-07T06:49:13Z","darwin-arm64"
"main","hamming","integer","fast",1000,"neon",1.64000000779652,560888.669969705,200,2.12499999458428,1.59999998613575,FALSE,"0.1.0","2026-10-07T06:49:13Z","darwin-arm64"
"main","hamming","integer","fast",1000,"none",3.48500000768581,277761.574411691,200,1,0.752941171865163,FALSE,"0.1.0","2026-10-07T06:49:13Z","darwin-arm64"
"main","hamming","integer","fast",1000,"base",2.62399998973706,375378.897976509,200,1.32812500812358,1,FALSE,"0.1.0","2026-10-07T06:49:13Z","darwin-arm64"
"main","is_whole","double","fast",1000,"neon",1.2300000094001,675069.02232825,200,2.06666665434289,2,FALSE,"0.1.0","2026-10-07T06:49:13Z","darwin-arm64"
"main","is_whole","double","fast",1000,"none",2.54200000426863,358574.593336518,200,1,0.96774194125463,FALSE,"0.1.0","2026-10-07T06:49:13Z","darwin-arm64"
"main","is_whole","double","fast",1000,"base",2.4600000188002,340431.90523601,200,1.03333332717145,1,FALSE,"0.1.0","2026-10-07T06:49:13Z","darwin-arm64"
"main","is_pow2","double","fast",1000,"neon",1.2300000094001,614309.400688328,199,3.63333330868578,11.5999999121931,FALSE,"0.1.0","2026-10-07T06:49:13Z","darwin-arm64"
"main","is_pow2","double","fast",1000,"none",4.46900000383721,213584.166258382,200,1,3.19266054794982,FALSE,"0.1.0","2026-10-07T06:49:13Z","darwin-arm64"
"main","is_pow2","double","fast",1000,"base",14.2680000010387,68118.707715451,200,0.313218391050734,1,FALSE,"0.1.0","2026-10-07T06:49:13Z","darwin-arm64"
"main","recip_approx","double","fast",1000,"neon",1.27100000213431,631054.172385559,200,1.03225805874537,0.548387110479746,FALSE,"0.1.0","2026-10-07T06:49:13Z","darwin-arm64"
"main","recip_approx","double","fast",1000,"none",1.31199999486853,653280.937162204,200,1,0.531250016247166,FALSE,"0.1.0","2026-10-07T06:49:13Z","darwin-arm64"
"main","recip_approx","double","fast",1000,"base",0.697000018590188,1306037.14435191,200,1.88235288360866,1,FALSE,"0.1.0","2026-10-07T06:49:13Z","darwin-arm64"
"main","rsqrt","double","fast",1000,"neon",2.02950000982582,472221.564894354,200,0.969696975213812,2.68686868085674,FALSE,"0.1.0","2026-10-07T06:49:13Z","darwin-arm64"
"main","rsqrt","double","fast",1000,"none",1.9680000207245,464487.599146917,200,1,2.77083331136957,FALSE,"0.1.0","2026-10-07T06:49:13Z","darwin-arm64"
"main","rsqrt","double","fast",1000,"base",5.45300001419946,175747.5419538,200,0.360902258499887,1,FALSE,"0.1.0","2026-10-07T06:49:13Z","darwin-arm64"
"main","rsqrt_approx","double","fast",1000,"neon",1.35300001602445,583708.120334131,200,1.030303024574,3.84848481411068,FALSE,"0.1.0","2026-10-07T06:49:13Z","darwin-arm64"
"main","rsqrt_approx","double","fast",1000,"none",1.39400000875867,682340.013915154,200,1,3.7352941050541,FALSE,"0.1.0","2026-10-07T06:49:13Z","darwin-arm64"
"main","rsqrt_approx","double","fast",1000,"base",5.20700001516161,191988.695393171,200,0.267716536335635,1,FALSE,"0.1.0","2026-10-07T06:49:13Z","darwin-arm64"
"main","rootn","double","fast",1000,"neon",30.6885000043167,30957.586242034,200,1.16967267869783,0.375417501769611,FALSE,"0.1.0","2026-10-07T06:49:13Z","darwin-arm64"
"main","rootn","double","fast",1000,"none",35.8955000052674,26583.6618350913,200,1,0.320959451825065,FALSE,"0.1.0","2026-10-07T06:49:13Z","darwin-arm64"
"main","rootn","double","fast",1000,"base",11.5210000046773,85041.2087912453,200,3.11565836218164,1,FALSE,"0.1.0","2026-10-07T06:49:13Z","darwin-arm64"
"main","mul","complex","fast",1000,"neon",4.63300000319578,168790.615606407,200,1.31858406933067,0.504424781041187,FALSE,"0.1.0","2026-10-07T06:49:13Z","darwin-arm64"
"main","mul","complex","fast",1000,"none",6.10899999742287,148576.046970244,200,1,0.382550337724952,FALSE,"0.1.0","2026-10-07T06:49:13Z","darwin-arm64"
"main","mul","complex","fast",1000,"base",2.33700001217585,402479.272234198,200,2.61403507299734,1,FALSE,"0.1.0","2026-10-07T06:49:13Z","darwin-arm64"
"main","div","complex","fast",1000,"neon",17.6300000021001,53416.506376033,200,1.02790697663171,0.81511627961339,FALSE,"0.1.0","2026-10-07T06:49:13Z","darwin-arm64"
"main","div","complex","fast",1000,"none",18.1220000001758,52726.7827789004,199,1,0.792986425954999,FALSE,"0.1.0","2026-10-07T06:49:13Z","darwin-arm64"
"main","div","complex","fast",1000,"base",14.3705000112959,67267.6583202287,200,1.2610556338284,1,FALSE,"0.1.0","2026-10-07T06:49:13Z","darwin-arm64"
"main","prod","complex","fast",1000,"neon",2.37799997648835,357995.656653372,200,3.8103448712726,1.1724138120617,FALSE,"0.1.0","2026-10-07T06:49:13Z","darwin-arm64"
"main","prod","complex","fast",1000,"none",9.06100001429877,105989.239890418,200,1,0.307692309140019,FALSE,"0.1.0","2026-10-07T06:49:13Z","darwin-arm64"
"main","prod","complex","fast",1000,"base",2.78800001751733,344130.424719812,200,3.24999998470855,1,FALSE,"0.1.0","2026-10-07T06:49:13Z","darwin-arm64"
"main","abs","complex","fast",1000,"neon",5.78099999870574,159528.052040452,200,0.503546103579555,0.397163124019316,FALSE,"0.1.0","2026-10-07T06:49:13Z","darwin-arm64"
"main","abs","complex","fast",1000,"none",2.91100002414169,325659.174127757,200,1,0.788732394503712,FALSE,"0.1.0","2026-10-07T06:49:13Z","darwin-arm64"
"main","abs","complex","fast",1000,"base",2.29600001944164,422781.13867443,200,1.26785714263609,1,FALSE,"0.1.0","2026-10-07T06:49:13Z","darwin-arm64"
"main","pow_int","complex","fast",1000,"neon",4.2229999905885,172150.224982451,200,2.20388350658047,1.14563106939869,FALSE,"0.1.0","2026-10-07T06:49:13Z","darwin-arm64"
"main","pow_int","complex","fast",1000,"none",9.30700002754747,105296.021258614,200,1,0.519823786501421,FALSE,"0.1.0","2026-10-07T06:49:13Z","darwin-arm64"
"main","pow_int","complex","fast",1000,"base",4.83799999528856,195481.637178751,200,1.92372882112671,1,FALSE,"0.1.0","2026-10-07T06:49:13Z","darwin-arm64"
"main","sum_narm","double","fast",1000,"neon",1.14800002393167,796286.117299888,200,2.46428567184414,1.60714281116448,FALSE,"0.1.0","2026-10-07T06:49:13Z","darwin-arm64"
"main","sum_narm","double","fast",1000,"none",2.82900001025155,341408.788393276,200,1,0.652173905617762,FALSE,"0.1.0","2026-10-07T06:49:13Z","darwin-arm64"
"main","sum_narm","double","fast",1000,"base",1.84499998567844,525878.480131955,200,1.53333335079202,1,FALSE,"0.1.0","2026-10-07T06:49:13Z","darwin-arm64"
"main","min","double","fast",1000,"neon",0.983999996151397,847471.985996097,200,2.12500002166289,0.79166667388763,FALSE,"0.1.0","2026-10-07T06:49:13Z","darwin-arm64"
"main","min","double","fast",1000,"none",2.091000013138,453856.416480222,200,1,0.372549019208067,FALSE,"0.1.0","2026-10-07T06:49:13Z","darwin-arm64"
"main","min","double","fast",1000,"base",0.779000004058616,1240286.98982942,200,2.68421052919617,1,FALSE,"0.1.0","2026-10-07T06:49:13Z","darwin-arm64"
"main","min","integer","fast",1000,"neon",0.861000017948754,1066007.15578737,200,3.09523804336506,1.23809522394805,FALSE,"0.1.0","2026-10-07T06:49:13Z","darwin-arm64"
"main","min","integer","fast",1000,"none",2.66500001089298,367461.300765497,200,1,0.400000002132961,FALSE,"0.1.0","2026-10-07T06:49:13Z","darwin-arm64"
"main","min","integer","fast",1000,"base",1.06600001004153,907037.699576423,200,2.49999998666899,1,FALSE,"0.1.0","2026-10-07T06:49:13Z","darwin-arm64"
"main","is_finite_all","double","fast",1000,"neon",0.779000004058616,1086667.12943006,200,3.73684211678469,2.63157897809252,FALSE,"0.1.0","2026-10-07T06:49:13Z","darwin-arm64"
"main","is_finite_all","double","fast",1000,"none",2.91100002414169,323028.194766481,200,1,0.70422535816333,FALSE,"0.1.0","2026-10-07T06:49:13Z","darwin-arm64"
"main","is_finite_all","double","fast",1000,"base",2.05000003461464,456233.516917303,200,1.41999998779946,1,FALSE,"0.1.0","2026-10-07T06:49:13Z","darwin-arm64"
"main","bit_and","raw","fast",1000,"neon",1.43500000149288,543091.601046681,200,1.54285714512069,0.857142862801734,FALSE,"0.1.0","2026-10-07T06:49:13Z","darwin-arm64"
"main","bit_and","raw","fast",1000,"none",2.2140000055515,432182.93297061,200,1,0.555555558408282,FALSE,"0.1.0","2026-10-07T06:49:13Z","darwin-arm64"
"main","bit_and","raw","fast",1000,"base",1.2300000094001,763746.478079064,200,1.79999999075717,1,FALSE,"0.1.0","2026-10-07T06:49:13Z","darwin-arm64"
"main","popcount_total","raw","fast",1000,"neon",0.984000010362251,779739.251417083,200,0.958333326714118,13.4583332039578,FALSE,"0.1.0","2026-10-07T06:49:13Z","darwin-arm64"
"main","popcount_total","raw","fast",1000,"none",0.943000003417183,992683.913523161,200,1,14.0434782228674,FALSE,"0.1.0","2026-10-07T06:49:13Z","darwin-arm64"
"main","popcount_total","raw","fast",1000,"base",13.2430000121531,71268.5734505598,200,0.0712074305332473,1,FALSE,"0.1.0","2026-10-07T06:49:13Z","darwin-arm64"
"na","sum","double","fast",1000,"neon",1.10700000277575,782616.517675799,200,2.51851852802761,1.62962961916963,FALSE,"0.1.0","2026-10-07T06:49:13Z","darwin-arm64"
"na","sum","double","fast",1000,"none",2.78800001751733,348780.8357976,200,1,0.6470588169331,FALSE,"0.1.0","2026-10-07T06:49:13Z","darwin-arm64"
"na","sum","double","fast",1000,"base",1.80399999294423,529015.156832538,200,1.54545456120937,1,FALSE,"0.1.0","2026-10-07T06:49:13Z","darwin-arm64"
"na","sum","integer","fast",1000,"neon",0.983999996151397,950145.847447436,200,0.874999992779037,0.250000014441926,FALSE,"0.1.0","2026-10-07T06:49:13Z","darwin-arm64"
"na","sum","integer","fast",1000,"none",0.860999989527045,1102134.82731672,200,1,0.285714304577209,FALSE,"0.1.0","2026-10-07T06:49:13Z","darwin-arm64"
"na","sum","integer","fast",1000,"base",0.246000013248704,3701099.23997262,200,3.4999997689292,1,FALSE,"0.1.0","2026-10-07T06:49:13Z","darwin-arm64"
"na","any_na","double","fast",1000,"neon",0.574000011965836,1514921.96363505,200,1.07142855728138,0.21428572135931,FALSE,"0.1.0","2026-10-07T06:49:13Z","darwin-arm64"
"na","any_na","double","fast",1000,"none",0.61500000470005,1536877.35188054,200,1,0.200000009242832,FALSE,"0.1.0","2026-10-07T06:49:13Z","darwin-arm64"
"na","any_na","double","fast",1000,"base",0.123000006624352,9100836.66526497,200,4.9999997689292,1,FALSE,"0.1.0","2026-10-07T06:49:13Z","darwin-arm64"
"na","any_na","integer","fast",1000,"neon",0.491999998075698,1818810.11120199,200,1.0000000577677,0.250000014441926,FALSE,"0.1.0","2026-10-07T06:49:13Z","darwin-arm64"
"na","any_na","integer","fast",1000,"none",0.492000026497408,1824251.57599351,200,1,0.25,FALSE,"0.1.0","2026-10-07T06:49:13Z","darwin-arm64"
"na","any_na","integer","fast",1000,"base",0.123000006624352,6988608.50166873,200,4,1,FALSE,"0.1.0","2026-10-07T06:49:13Z","darwin-arm64"
"na","sum_narm","double","fast",1000,"neon",1.25050000576721,749201.159910236,200,2.26229507973164,1.37704917995527,FALSE,"0.1.0","2026-10-07T06:49:13Z","darwin-arm64"
"na","sum_narm","double","fast",1000,"none",2.82900001025155,343912.067604722,200,1,0.60869565261072,FALSE,"0.1.0","2026-10-07T06:49:13Z","darwin-arm64"
"na","sum_narm","double","fast",1000,"base",1.7220000074758,578653.470658206,200,1.64285714167821,1,FALSE,"0.1.0","2026-10-07T06:49:13Z","darwin-arm64"
"na","min","double","fast",1000,"neon",1.06599998161983,878136.593280628,200,1.88461542973572,0.769230779485391,FALSE,"0.1.0","2026-10-07T06:49:13Z","darwin-arm64"
"na","min","double","fast",1000,"none",2.00900001345872,475767.949265425,200,1,0.408163260975349,FALSE,"0.1.0","2026-10-07T06:49:13Z","darwin-arm64"
"na","min","double","fast",1000,"base",0.819999996792831,1177988.10495271,200,2.45000002599547,1,FALSE,"0.1.0","2026-10-07T06:49:13Z","darwin-arm64"
"na","min","integer","fast",1000,"neon",0.860999989527045,1093242.65954644,200,3.09523814553922,0.238095231807597,FALSE,"0.1.0","2026-10-07T06:49:13Z","darwin-arm64"
"na","min","integer","fast",1000,"none",2.66500001089298,368822.680310064,200,1,0.076923073641598,FALSE,"0.1.0","2026-10-07T06:49:13Z","darwin-arm64"
"na","min","integer","fast",1000,"base",0.20499999209278,4632524.7844788,200,13.00000055457,1,FALSE,"0.1.0","2026-10-07T06:49:13Z","darwin-arm64"
"main","sum","double","fast",1e+05,"neon",15.1700000117216,63941.7055971599,200,13.7162162039622,10.8702702615102,FALSE,"0.1.0","2026-10-07T06:49:13Z","darwin-arm64"
"main","sum","double","fast",1e+05,"none",208.074999974883,4750.84028161827,200,1,0.792512315340296,FALSE,"0.1.0","2026-10-07T06:49:13Z","darwin-arm64"
"main","sum","double","fast",1e+05,"base",164.901999994527,5925.70803519647,200,1.26181004464342,1,FALSE,"0.1.0","2026-10-07T06:49:13Z","darwin-arm64"
"main","sum","integer","fast",1e+05,"neon",13.4069999830899,70086.9077668098,200,3.72782875166841,4.93272172013621,FALSE,"0.1.0","2026-10-07T06:49:13Z","darwin-arm64"
"main","sum","integer","fast",1e+05,"none",49.9790000105804,19298.6745836095,200,1,1.32321575070436,FALSE,"0.1.0","2026-10-07T06:49:13Z","darwin-arm64"
"main","sum","integer","fast",1e+05,"base",66.1330000184535,14710.4198667041,200,0.755734655869755,1,FALSE,"0.1.0","2026-10-07T06:49:13Z","darwin-arm64"
"main","mean","double","fast",1e+05,"neon",14.8830000057387,61709.9582377363,200,14.0137741003272,13.5220385626242,FALSE,"0.1.0","2026-10-07T06:49:13Z","darwin-arm64"
"main","mean","double","fast",1e+05,"none",208.567000015591,4779.58924188413,200,1,0.964910556272523,FALSE,"0.1.0","2026-10-07T06:49:13Z","darwin-arm64"
"main","mean","double","fast",1e+05,"base",201.248500005136,4855.68833552212,200,1.03636548848945,1,FALSE,"0.1.0","2026-10-07T06:49:13Z","darwin-arm64"
"main","dot","double","fast",1e+05,"neon",23.7799999922572,39945.0435987444,200,11.2879310385299,8.54137931258685,FALSE,"0.1.0","2026-10-07T06:49:13Z","darwin-arm64"
"main","dot","double","fast",1e+05,"none",268.427000008842,3634.36803780644,200,1,0.756682449904409,FALSE,"0.1.0","2026-10-07T06:49:13Z","darwin-arm64"
"main","dot","double","fast",1e+05,"base",203.113999987181,4594.45214059328,197,1.32155833682455,1,FALSE,"0.1.0","2026-10-07T06:49:13Z","darwin-arm64"
"main","dot","double","fast",1e+05,"blas",211.150000012594,4639.67613933025,200,1.27126213588838,0.96194174745473,FALSE,"0.1.0","2026-10-07T06:49:13Z","darwin-arm64"
"main","add","double","fast",1e+05,"neon",33.4765000076231,28465.9592810887,196,4.03368034204485,0.829761174544493,FALSE,"0.1.0","2026-10-07T06:49:13Z","darwin-arm64"
"main","add","double","fast",1e+05,"none",135.033500001214,7163.73274005448,196,1,0.205708212893204,FALSE,"0.1.0","2026-10-07T06:49:13Z","darwin-arm64"
"main","add","double","fast",1e+05,"base",27.7774999659641,34208.6501011181,196,4.86125461854633,1,FALSE,"0.1.0","2026-10-07T06:49:13Z","darwin-arm64"
"main","add","integer","fast",1e+05,"neon",36.7975000017395,25267.1941929412,198,4.15543175435593,7.40167130905042,FALSE,"0.1.0","2026-10-07T06:49:13Z","darwin-arm64"
"main","add","integer","fast",1e+05,"none",152.909499988141,6335.65189364201,198,1,1.78120391492211,FALSE,"0.1.0","2026-10-07T06:49:13Z","darwin-arm64"
"main","add","integer","fast",1e+05,"base",272.363000007658,3603.4098739049,198,0.561418033961446,1,FALSE,"0.1.0","2026-10-07T06:49:13Z","darwin-arm64"
"main","fma","double","fast",1e+05,"neon",39.8520000146618,23750.200236524,196,5.06172839337122,1.72530864154608,FALSE,"0.1.0","2026-10-07T06:49:13Z","darwin-arm64"
"main","fma","double","fast",1e+05,"none",201.720000006844,4836.57759507523,196,1,0.340853658565624,FALSE,"0.1.0","2026-10-07T06:49:13Z","darwin-arm64"
"main","fma","double","fast",1e+05,"base",68.7570000081905,13955.2246603318,196,2.9338103754209,1,FALSE,"0.1.0","2026-10-07T06:49:13Z","darwin-arm64"
"main","pmax","double","fast",1e+05,"neon",30.2170000168189,31159.4824905702,196,3.86160108327826,19.8480325538424,FALSE,"0.1.0","2026-10-07T06:49:13Z","darwin-arm64"
"main","pmax","double","fast",1e+05,"none",116.685999998367,8508.40128602284,196,1,5.13984539723421,FALSE,"0.1.0","2026-10-07T06:49:13Z","darwin-arm64"
"main","pmax","double","fast",1e+05,"base",599.748000013278,1646.3021747314,196,0.194558381179735,1,FALSE,"0.1.0","2026-10-07T06:49:13Z","darwin-arm64"
"main","exp","double","fast",1e+05,"neon",213.384500014513,4653.02742444953,196,3.02689979807788,3.2885964068061,FALSE,"0.1.0","2026-10-07T06:49:13Z","darwin-arm64"
"main","exp","double","fast",1e+05,"none",645.893500006878,1534.99324890961,196,1,1.08645697782741,FALSE,"0.1.0","2026-10-07T06:49:13Z","darwin-arm64"
"main","exp","double","fast",1e+05,"base",701.735500015843,1412.649906559,196,0.920423008373234,1,FALSE,"0.1.0","2026-10-07T06:49:13Z","darwin-arm64"
"main","any_na","double","fast",1e+05,"neon",12.2794999981579,78567.957546086,200,2.78464106838945,2.63439065217094,FALSE,"0.1.0","2026-10-07T06:49:13Z","darwin-arm64"
"main","any_na","double","fast",1e+05,"none",34.1939999941587,28269.2025204912,200,1,0.946043165877241,FALSE,"0.1.0","2026-10-07T06:49:13Z","darwin-arm64"
"main","any_na","double","fast",1e+05,"base",32.3490000084803,30580.1186048951,200,1.05703422007465,1,FALSE,"0.1.0","2026-10-07T06:49:13Z","darwin-arm64"
"main","any_na","integer","fast",1e+05,"neon",5.86300001259588,168272.405867741,200,6.13986012446973,7.27972026348238,FALSE,"0.1.0","2026-10-07T06:49:13Z","darwin-arm64"
"main","any_na","integer","fast",1e+05,"none",35.997999987103,27707.9997924276,200,1,1.18564920306081,FALSE,"0.1.0","2026-10-07T06:49:13Z","darwin-arm64"
"main","any_na","integer","fast",1e+05,"base",42.6809999964917,23155.5879489549,200,0.843419788431901,1,FALSE,"0.1.0","2026-10-07T06:49:13Z","darwin-arm64"
"main","is_na","double","fast",1e+05,"neon",30.9959999924558,31578.499118115,198,5.46957672083449,1.66798941806098,FALSE,"0.1.0","2026-10-07T06:49:13Z","darwin-arm64"
"main","is_na","double","fast",1e+05,"none",169.534999997722,5827.85350763362,198,1,0.304957678298458,FALSE,"0.1.0","2026-10-07T06:49:13Z","darwin-arm64"
"main","is_na","double","fast",1e+05,"base",51.7009999896345,18478.3059088434,198,3.27914353748888,1,FALSE,"0.1.0","2026-10-07T06:49:13Z","darwin-arm64"
"main","which","logical","fast",1e+05,"neon",74.497000014162,13137.987088805,199,1.11227297735638,3.63566318046361,FALSE,"0.1.0","2026-10-07T06:49:13Z","darwin-arm64"
"main","which","logical","fast",1e+05,"none",82.8610000098706,11758.0931268772,199,1,3.26867887153452,FALSE,"0.1.0","2026-10-07T06:49:13Z","darwin-arm64"
"main","which","logical","fast",1e+05,"base",270.846000006486,3702.58330161574,198,0.305933999423607,1,FALSE,"0.1.0","2026-10-07T06:49:13Z","darwin-arm64"
"main","count","logical","fast",1e+05,"neon",10.7420000006186,91702.9886271253,200,4.68320610746605,5.93511450473577,FALSE,"0.1.0","2026-10-07T06:49:13Z","darwin-arm64"
"main","count","logical","fast",1e+05,"none",50.3070000092976,19605.5961793258,200,1,1.26731866344168,FALSE,"0.1.0","2026-10-07T06:49:13Z","darwin-arm64"
"main","count","logical","fast",1e+05,"base",63.7550000135434,15454.1758167359,200,0.789067524093968,1,FALSE,"0.1.0","2026-10-07T06:49:13Z","darwin-arm64"
"main","max_abs","double","fast",1e+05,"neon",22.6729999894815,43894.58188075,200,5.67088607896423,3.62386980363516,FALSE,"0.1.0","2026-10-07T06:49:13Z","darwin-arm64"
"main","max_abs","double","fast",1e+05,"none",128.576000008707,7544.79391259965,200,1,0.639030612354859,FALSE,"0.1.0","2026-10-07T06:49:13Z","darwin-arm64"
"main","max_abs","double","fast",1e+05,"base",82.1640000197021,11727.3732738284,196,1.56487025921176,1,FALSE,"0.1.0","2026-10-07T06:49:13Z","darwin-arm64"
"main","which_max_abs","double","fast",1e+05,"neon",22.2835000158739,44339.8516463491,200,5.9990800324981,18.8482060579506,FALSE,"0.1.0","2026-10-07T06:49:13Z","darwin-arm64"
"main","which_max_abs","double","fast",1e+05,"none",133.6804999994,7400.92940086213,200,1,3.14184940955054,FALSE,"0.1.0","2026-10-07T06:49:13Z","darwin-arm64"
"main","which_max_abs","double","fast",1e+05,"base",420.003999991536,2333.24961411453,196,0.318283873491905,1,FALSE,"0.1.0","2026-10-07T06:49:13Z","darwin-arm64"
"main","as_integer","double","fast",1e+05,"neon",66.1740000111877,14716.8730046113,198,2.54801734784624,1.07620817823509,FALSE,"0.1.0","2026-10-07T06:49:13Z","darwin-arm64"
"main","as_integer","double","fast",1e+05,"none",168.612500004883,5746.53613722484,198,1,0.422370820647974,FALSE,"0.1.0","2026-10-07T06:49:13Z","darwin-arm64"
"main","as_integer","double","fast",1e+05,"base",71.216999998569,13804.259365349,198,2.36758779516508,1,FALSE,"0.1.0","2026-10-07T06:49:13Z","darwin-arm64"
"main","hamming","double","fast",1e+05,"neon",37.4125000206504,24768.5840151522,200,3.59671232676863,5.0449315041798,FALSE,"0.1.0","2026-10-07T06:49:13Z","darwin-arm64"
"main","hamming","double","fast",1e+05,"none",134.561999999505,7273.55910301718,200,1,1.40265082270627,FALSE,"0.1.0","2026-10-07T06:49:13Z","darwin-arm64"
"main","hamming","double","fast",1e+05,"base",188.743500004307,5144.42064568803,198,0.712935809691113,1,FALSE,"0.1.0","2026-10-07T06:49:13Z","darwin-arm64"
"main","hamming","integer","fast",1e+05,"neon",24.7229999956744,40003.3522677892,200,8.83830845932146,8.85074627093877,FALSE,"0.1.0","2026-10-07T06:49:13Z","darwin-arm64"
"main","hamming","integer","fast",1e+05,"none",218.509500001574,4475.22073636757,200,1,1.00140726154496,FALSE,"0.1.0","2026-10-07T06:49:13Z","darwin-arm64"
"main","hamming","integer","fast",1e+05,"base",218.817000018134,4442.21376495458,198,0.998594716057092,1,FALSE,"0.1.0","2026-10-07T06:49:13Z","darwin-arm64"
"main","is_whole","double","fast",1e+05,"neon",42.7220000034367,22846.8146421809,198,4.03742802304955,5.24472168891425,FALSE,"0.1.0","2026-10-07T06:49:13Z","darwin-arm64"
"main","is_whole","double","fast",1e+05,"none",172.487000014598,5690.14112331185,198,1,1.29902543375939,FALSE,"0.1.0","2026-10-07T06:49:13Z","darwin-arm64"
"main","is_whole","double","fast",1e+05,"base",224.065000011819,4364.14988526626,194,0.769807868277061,1,FALSE,"0.1.0","2026-10-07T06:49:13Z","darwin-arm64"
"main","is_pow2","double","fast",1e+05,"neon",44.7925000059968,21733.2938440805,198,17.2480549177947,33.2041189889781,FALSE,"0.1.0","2026-10-07T06:49:13Z","darwin-arm64"
"main","is_pow2","double","fast",1e+05,"none",772.58350000875,1282.57607190607,198,1,1.92509353357414,FALSE,"0.1.0","2026-10-07T06:49:13Z","darwin-arm64"
"main","is_pow2","double","fast",1e+05,"base",1487.29550001292,669.123783561836,104,0.519455279735627,1,FALSE,"0.1.0","2026-10-07T06:49:13Z","darwin-arm64"
"main","recip_approx","double","fast",1e+05,"neon",45.9200000193505,20842.3427446911,195,0.496428571444045,0.441071428826741,FALSE,"0.1.0","2026-10-07T06:49:13Z","darwin-arm64"
"main","recip_approx","double","fast",1e+05,"none",22.7960000103167,41007.1266493356,196,1,0.888489209119698,FALSE,"0.1.0","2026-10-07T06:49:13Z","darwin-arm64"
"main","recip_approx","double","fast",1e+05,"base",20.2540000202589,47979.8395937894,195,1.12550607225808,1,FALSE,"0.1.0","2026-10-07T06:49:13Z","darwin-arm64"
"main","rsqrt","double","fast",1e+05,"neon",60.0445000173977,15691.5313909614,196,1.02765448941155,8.55001706842117,FALSE,"0.1.0","2026-10-07T06:49:13Z","darwin-arm64"
"main","rsqrt","double","fast",1e+05,"none",61.7050000073505,15862.5205043757,196,1,8.31993355404603,FALSE,"0.1.0","2026-10-07T06:49:13Z","darwin-arm64"
"main","rsqrt","double","fast",1e+05,"base",513.381500013566,1920.10441603656,196,0.120193267590905,1,FALSE,"0.1.0","2026-10-07T06:49:13Z","darwin-arm64"
"main","rsqrt_approx","double","fast",1e+05,"neon",59.7780000077819,16123.1297773983,195,1.05452674881026,8.98868312672628,TRUE,"0.1.0","2026-10-07T06:49:13Z","darwin-arm64"
"main","rsqrt_approx","double","fast",1e+05,"none",63.0374999985861,15105.6586861549,196,1,8.52390243952321,FALSE,"0.1.0","2026-10-07T06:49:13Z","darwin-arm64"
"main","rsqrt_approx","double","fast",1e+05,"base",537.325500019392,1818.54928994744,196,0.117317156911986,1,FALSE,"0.1.0","2026-10-07T06:49:13Z","darwin-arm64"
"main","rootn","double","fast",1e+05,"neon",2675.12700000339,361.952687591452,70,1.11335387067878,0.474742133735838,FALSE,"0.1.0","2026-10-07T06:49:13Z","darwin-arm64"
"main","rootn","double","fast",1e+05,"none",2978.36300001109,253.028124242735,56,1,0.426407224368296,FALSE,"0.1.0","2026-10-07T06:49:13Z","darwin-arm64"
"main","rootn","double","fast",1e+05,"base",1269.99549999596,644.407986295176,126,2.34517602623046,1,FALSE,"0.1.0","2026-10-07T06:49:13Z","darwin-arm64"
"main","mul","complex","fast",1e+05,"neon",87.7400000121042,10342.4955085629,192,2.40841121459528,1.57429906528168,FALSE,"0.1.0","2026-10-07T06:49:13Z","darwin-arm64"
"main","mul","complex","fast",1e+05,"none",211.313999997742,4609.86961546351,192,1,0.653667054754281,FALSE,"0.1.0","2026-10-07T06:49:13Z","darwin-arm64"
"main","mul","complex","fast",1e+05,"base",138.12900000687,7126.11554296869,192,1.52983081023704,1,FALSE,"0.1.0","2026-10-07T06:49:13Z","darwin-arm64"
"main","div","complex","fast",1e+05,"neon",1391.99100000553,703.049089288356,130,1.04883508587202,1.02857058703312,TRUE,"0.1.0","2026-10-07T06:49:13Z","darwin-arm64"
"main","div","complex","fast",1e+05,"none",1459.96900002388,676.516563157013,127,1,0.980679041813286,FALSE,"0.1.0","2026-10-07T06:49:13Z","darwin-arm64"
"main","div","complex","fast",1e+05,"base",1431.76100002051,687.141102936989,129,1.01970161221248,1,FALSE,"0.1.0","2026-10-07T06:49:13Z","darwin-arm64"
"main","prod","complex","fast",1e+05,"neon",139.994500003127,6928.54463708124,200,6.02650461265309,1.89749597305325,FALSE,"0.1.0","2026-10-07T06:49:13Z","darwin-arm64"
"main","prod","complex","fast",1e+05,"none",843.677500014905,1044.79571009433,200,1,0.314858461913281,FALSE,"0.1.0","2026-10-07T06:49:13Z","darwin-arm64"
"main","prod","complex","fast",1e+05,"base",265.639000005535,3693.73417825855,200,3.17603025157196,1,FALSE,"0.1.0","2026-10-07T06:49:13Z","darwin-arm64"
"main","abs","complex","fast",1e+05,"neon",492.328000007092,1915.10301433944,196,0.405687874781238,0.406728847425947,TRUE,"0.1.0","2026-10-07T06:49:13Z","darwin-arm64"
"main","abs","complex","fast",1e+05,"none",199.731500018174,4945.62724397228,196,1,1.00256594468166,FALSE,"0.1.0","2026-10-07T06:49:13Z","darwin-arm64"
"main","abs","complex","fast",1e+05,"base",200.243999998406,4906.68781532493,196,0.997440622539322,1,FALSE,"0.1.0","2026-10-07T06:49:13Z","darwin-arm64"
"main","pow_int","complex","fast",1e+05,"neon",182.983000001968,5209.93811955961,192,3.96392561052317,2.58973784436084,FALSE,"0.1.0","2026-10-07T06:49:13Z","darwin-arm64"
"main","pow_int","complex","fast",1e+05,"none",725.330999998164,1346.88508305816,192,1,0.65332655019705,FALSE,"0.1.0","2026-10-07T06:49:13Z","darwin-arm64"
"main","pow_int","complex","fast",1e+05,"base",473.877999979777,1456.96256652498,192,1.53062813641722,1,FALSE,"0.1.0","2026-10-07T06:49:13Z","darwin-arm64"
"main","sum_narm","double","fast",1e+05,"neon",34.7885000024917,27108.1022273656,200,5.81614614016276,4.76782557444679,FALSE,"0.1.0","2026-10-07T06:49:13Z","darwin-arm64"
"main","sum_narm","double","fast",1e+05,"none",202.335000011544,4703.23426586765,200,1,0.819756838901121,FALSE,"0.1.0","2026-10-07T06:49:13Z","darwin-arm64"
"main","sum_narm","double","fast",1e+05,"base",165.865500008522,5887.260665295,200,1.21987393400767,1,FALSE,"0.1.0","2026-10-07T06:49:13Z","darwin-arm64"
"main","min","double","fast",1e+05,"neon",18.819000018766,51991.4816946487,200,7.11437907817606,3.52505446327621,FALSE,"0.1.0","2026-10-07T06:49:13Z","darwin-arm64"
"main","min","double","fast",1e+05,"none",133.885500005704,7261.01090515512,200,1,0.495483080749746,FALSE,"0.1.0","2026-10-07T06:49:13Z","darwin-arm64"
"main","min","double","fast",1e+05,"base",66.3380000105462,14621.834755012,200,2.01823238542644,1,FALSE,"0.1.0","2026-10-07T06:49:13Z","darwin-arm64"
"main","min","integer","fast",1e+05,"neon",13.6940000174945,71158.3729238267,200,14.5538921976476,7.4401197524878,FALSE,"0.1.0","2026-10-07T06:49:13Z","darwin-arm64"
"main","min","integer","fast",1e+05,"none",199.3010000092,4898.07701727833,200,1,0.511211684918923,FALSE,"0.1.0","2026-10-07T06:49:13Z","darwin-arm64"
"main","min","integer","fast",1e+05,"base",101.885000020729,9480.92324392801,200,1.95613682061786,1,FALSE,"0.1.0","2026-10-07T06:49:13Z","darwin-arm64"
"main","is_finite_all","double","fast",1e+05,"neon",22.5089999901229,43007.9594710857,200,10.3642987293715,8.40255009504327,FALSE,"0.1.0","2026-10-07T06:49:13Z","darwin-arm64"
"main","is_finite_all","double","fast",1e+05,"none",233.289999997055,4178.26465875537,200,1,0.810720562427553,FALSE,"0.1.0","2026-10-07T06:49:13Z","darwin-arm64"
"main","is_finite_all","double","fast",1e+05,"base",189.133000006336,5164.97625409543,198,1.23347062643346,1,FALSE,"0.1.0","2026-10-07T06:49:13Z","darwin-arm64"
"main","bit_and","raw","fast",1e+05,"neon",5.69900001323731,155346.899607573,199,17.8992805337768,21.273381245882,FALSE,"0.1.0","2026-10-07T06:49:13Z","darwin-arm64"
"main","bit_and","raw","fast",1e+05,"none",102.007999998932,5173.29383265475,200,1,1.18850482318203,FALSE,"0.1.0","2026-10-07T06:49:13Z","darwin-arm64"
"main","bit_and","raw","fast",1e+05,"base",121.237000001884,4891.71115750828,199,0.841393304002468,1,FALSE,"0.1.0","2026-10-07T06:49:13Z","darwin-arm64"
"main","popcount_total","raw","fast",1e+05,"neon",7.37999999955719,129818.202469367,200,1.10000000154047,165.919444452938,FALSE,"0.1.0","2026-10-07T06:49:13Z","darwin-arm64"
"main","popcount_total","raw","fast",1e+05,"none",8.11800001088159,84034.7432716071,200,1,150.835858382345,FALSE,"0.1.0","2026-10-07T06:49:13Z","darwin-arm64"
"main","popcount_total","raw","fast",1e+05,"base",1224.48549998921,778.34284026138,126,0.00662972326822416,1,FALSE,"0.1.0","2026-10-07T06:49:13Z","darwin-arm64"
"na","sum","double","fast",1e+05,"neon",1.59900000085145,581204.42771298,200,7.2307692253001,103.910256355109,FALSE,"0.1.0","2026-10-07T06:49:13Z","darwin-arm64"
"na","sum","double","fast",1e+05,"none",11.5619999974115,89015.4886355646,200,1,14.3705673791293,FALSE,"0.1.0","2026-10-07T06:49:13Z","darwin-arm64"
"na","sum","double","fast",1e+05,"base",166.152500000294,5796.49810919888,200,0.0695866748763397,1,FALSE,"0.1.0","2026-10-07T06:49:13Z","darwin-arm64"
"na","sum","integer","fast",1e+05,"neon",1.31199999486853,726657.046153894,200,0.625,0.156249994584278,FALSE,"0.1.0","2026-10-07T06:49:13Z","darwin-arm64"
"na","sum","integer","fast",1e+05,"none",0.819999996792831,1138932.69785018,200,1,0.249999991334845,FALSE,"0.1.0","2026-10-07T06:49:13Z","darwin-arm64"
"na","sum","integer","fast",1e+05,"base",0.20499999209278,4504200.16336988,200,4.00000013864249,1,FALSE,"0.1.0","2026-10-07T06:49:13Z","darwin-arm64"
"na","any_na","double","fast",1e+05,"neon",0.574000011965836,1619538.08834713,200,1.07142855728138,0.142857164077931,FALSE,"0.1.0","2026-10-07T06:49:13Z","darwin-arm64"
"na","any_na","double","fast",1e+05,"none",0.61500000470005,1367932.89998167,200,1,0.133333354899942,FALSE,"0.1.0","2026-10-07T06:49:13Z","darwin-arm64"
"na","any_na","double","fast",1e+05,"base",0.0820000138901378,9435296.81730496,200,7.49999878687846,1,FALSE,"0.1.0","2026-10-07T06:49:13Z","darwin-arm64"
"na","any_na","integer","fast",1e+05,"neon",0.533000019231622,1629274.79257754,200,1.07692306051568,0.153846174355396,FALSE,"0.1.0","2026-10-07T06:49:13Z","darwin-arm64"
"na","any_na","integer","fast",1e+05,"none",0.574000011965836,1547113.47032998,200,1,0.142857164077931,FALSE,"0.1.0","2026-10-07T06:49:13Z","darwin-arm64"
"na","any_na","integer","fast",1e+05,"base",0.0820000138901378,6600877.60666986,200,6.99999896018154,1,FALSE,"0.1.0","2026-10-07T06:49:13Z","darwin-arm64"
"na","sum_narm","double","fast",1e+05,"neon",34.3170000292048,28930.2713849463,200,6.05854240792601,4.83632018717617,FALSE,"0.1.0","2026-10-07T06:49:13Z","darwin-arm64"
"na","sum_narm","double","fast",1e+05,"none",207.910999989736,4726.18694152356,200,1,0.798264642143812,FALSE,"0.1.0","2026-10-07T06:49:13Z","darwin-arm64"
"na","sum_narm","double","fast",1e+05,"base",165.968000004568,5958.32970596635,200,1.25271739120802,1,FALSE,"0.1.0","2026-10-07T06:49:13Z","darwin-arm64"
"na","min","double","fast",1e+05,"neon",1.55800000811723,605292.066067678,200,3.921052609496,48.1578944891291,FALSE,"0.1.0","2026-10-07T06:49:13Z","darwin-arm64"
"na","min","double","fast",1e+05,"none",6.10899999742287,161685.408546945,200,1,12.281879200626,FALSE,"0.1.0","2026-10-07T06:49:13Z","darwin-arm64"
"na","min","double","fast",1e+05,"base",75.030000004972,13055.8972574496,200,0.081420764987579,1,FALSE,"0.1.0","2026-10-07T06:49:13Z","darwin-arm64"
"na","min","integer","fast",1e+05,"neon",1.27100000213431,690355.045834136,200,6.93548386014757,0.129032257343171,FALSE,"0.1.0","2026-10-07T06:49:13Z","darwin-arm64"
"na","min","integer","fast",1e+05,"none",8.81500000105007,112330.142697696,200,1,0.0186046510878083,FALSE,"0.1.0","2026-10-07T06:49:13Z","darwin-arm64"
"na","min","integer","fast",1e+05,"base",0.163999999358566,4650189.33594436,200,53.7500002166289,1,FALSE,"0.1.0","2026-10-07T06:49:13Z","darwin-arm64"
"main","sum","double","fast",1e+07,"neon",1873.63850001532,536.70232402148,200,11.4640743130736,9.15949101167426,FALSE,"0.1.0","2026-10-07T06:49:13Z","darwin-arm64"
"main","sum","double","fast",1e+07,"none",21479.5310000113,36.8407255004193,20,1,0.798973450584563,FALSE,"0.1.0","2026-10-07T06:49:13Z","darwin-arm64"
"main","sum","double","fast",1e+07,"base",17161.5750000171,57.149841698075,29,1.25160604431644,1,FALSE,"0.1.0","2026-10-07T06:49:13Z","darwin-arm64"
"main","sum","integer","fast",1e+07,"neon",1361.77400000292,679.250373036026,200,3.81250376346344,4.9491780574567,FALSE,"0.1.0","2026-10-07T06:49:13Z","darwin-arm64"
"main","sum","integer","fast",1e+07,"none",5191.76849999781,183.728439445224,92,1,1.29814378280394,FALSE,"0.1.0","2026-10-07T06:49:13Z","darwin-arm64"
"main","sum","integer","fast",1e+07,"base",6739.66200002951,144.746986134581,73,0.770330693137886,1,FALSE,"0.1.0","2026-10-07T06:49:13Z","darwin-arm64"
"main","mean","double","fast",1e+07,"neon",1923.72000000773,420.845751780015,200,11.1005754475348,11.3368073315839,FALSE,"0.1.0","2026-10-07T06:49:13Z","darwin-arm64"
"main","mean","double","fast",1e+07,"none",21354.3990000176,45.8431984740424,23,1,1.02128104846146,FALSE,"0.1.0","2026-10-07T06:49:13Z","darwin-arm64"
"main","mean","double","fast",1e+07,"base",21808.8430000023,42.833636980976,22,0.979162397565763,1,FALSE,"0.1.0","2026-10-07T06:49:13Z","darwin-arm64"
"main","dot","double","fast",1e+07,"neon",3370.69199999007,290.708545889595,146,8.37761519002484,9.84535104367851,FALSE,"0.1.0","2026-10-07T06:49:13Z","darwin-arm64"
"main","dot","double","fast",1e+07,"none",28238.360500012,31.1301760610579,20,1,1.17519733484552,FALSE,"0.1.0","2026-10-07T06:49:13Z","darwin-arm64"
"main","dot","double","fast",1e+07,"base",33185.646000021,13.5991288071692,17,0.850920922256392,1,FALSE,"0.1.0","2026-10-07T06:49:13Z","darwin-arm64"
"main","dot","double","fast",1e+07,"blas",22902.0055000007,43.3595296238277,22,1.23300819659707,1.44902794648356,FALSE,"0.1.0","2026-10-07T06:49:13Z","darwin-arm64"
"main","add","double","fast",1e+07,"neon",5406.75200001317,181.169603306512,76,2.65582913733931,0.974350127394798,FALSE,"0.1.0","2026-10-07T06:49:13Z","darwin-arm64"
"main","add","double","fast",1e+07,"none",14359.4095000026,70.0802152392972,30,1,0.366872293739096,FALSE,"0.1.0","2026-10-07T06:49:13Z","darwin-arm64"
"main","add","double","fast",1e+07,"base",5268.06950000491,195.718099001612,82,2.72574412694996,1,FALSE,"0.1.0","2026-10-07T06:49:13Z","darwin-arm64"
"main","add","integer","fast",1e+07,"neon",4707.62000000491,36.3647190926829,19,3.4257620623561,5.42764762236097,FALSE,"0.1.0","2026-10-07T06:49:13Z","darwin-arm64"
"main","add","integer","fast",1e+07,"none",16127.1860000056,58.7302385390403,27,1,1.58436211376223,FALSE,"0.1.0","2026-10-07T06:49:13Z","darwin-arm64"
"main","add","integer","fast",1e+07,"base",25551.3025000056,38.4991117848445,18,0.63116884158849,1,FALSE,"0.1.0","2026-10-07T06:49:13Z","darwin-arm64"
"main","fma","double","fast",1e+07,"neon",7883.72599998866,113.141566859163,49,2.60322644394937,1.37245561299701,FALSE,"0.1.0","2026-10-07T06:49:13Z","darwin-arm64"
"main","fma","double","fast",1e+07,"none",20523.1240000217,47.7969985542275,21,1,0.527213303393941,FALSE,"0.1.0","2026-10-07T06:49:13Z","darwin-arm64"
"main","fma","double","fast",1e+07,"base",10820.0640000149,91.8859266783754,38,1.89676549048078,1,FALSE,"0.1.0","2026-10-07T06:49:13Z","darwin-arm64"
"main","pmax","double","fast",1e+07,"neon",4782.89600002313,212.981184531052,89,2.5024216499692,22.8297258605407,FALSE,"0.1.0","2026-10-07T06:49:13Z","darwin-arm64"
"main","pmax","double","fast",1e+07,"none",11968.822500009,59.4629512504881,32,1,9.12305320760859,FALSE,"0.1.0","2026-10-07T06:49:13Z","darwin-arm64"
"main","pmax","double","fast",1e+07,"base",109192.204500005,5.46114744727858,18,0.109612426590476,1,FALSE,"0.1.0","2026-10-07T06:49:13Z","darwin-arm64"
"main","exp","double","fast",1e+07,"neon",27221.9910000047,29.8762305759864,19,2.6556176585314,2.81258707344299,FALSE,"0.1.0","2026-10-07T06:49:13Z","darwin-arm64"
"main","exp","double","fast",1e+07,"none",72291.1999999951,13.5867610479562,18,1,1.05910843920145,FALSE,"0.1.0","2026-10-07T06:49:13Z","darwin-arm64"
"main","exp","double","fast",1e+07,"base",76564.2199999945,13.0735042078984,19,0.944190380310807,1,FALSE,"0.1.0","2026-10-07T06:49:13Z","darwin-arm64"
"main","any_na","double","fast",1e+07,"neon",1899.14050000084,508.163641272538,200,1.76098055936878,1.95464211310485,FALSE,"0.1.0","2026-10-07T06:49:13Z","darwin-arm64"
"main","any_na","double","fast",1e+07,"none",3344.34950001139,295.969589124786,148,1,1.1099737034039,FALSE,"0.1.0","2026-10-07T06:49:13Z","darwin-arm64"
"main","any_na","double","fast",1e+07,"base",3712.14000000464,241.629919615208,121,0.900922244313849,1,FALSE,"0.1.0","2026-10-07T06:49:13Z","darwin-arm64"
"main","any_na","integer","fast",1e+07,"neon",1173.6660000139,520.443281421414,200,3.62734926287744,3.8145741632763,FALSE,"0.1.0","2026-10-07T06:49:13Z","darwin-arm64"
"main","any_na","integer","fast",1e+07,"none",4257.29650001472,226.810978374366,114,1,1.05161479825363,FALSE,"0.1.0","2026-10-07T06:49:13Z","darwin-arm64"
"main","any_na","integer","fast",1e+07,"base",4477.03599996885,218.172112589112,110,0.950918531824256,1,FALSE,"0.1.0","2026-10-07T06:49:13Z","darwin-arm64"
"main","is_na","double","fast",1e+07,"neon",27033.5550000027,24.5357304532016,19,0.827722547034513,0.213416141532558,FALSE,"0.1.0","2026-10-07T06:49:13Z","darwin-arm64"
"main","is_na","double","fast",1e+07,"none",22376.2829999998,28.5878295166924,19,1,0.257835360770545,FALSE,"0.1.0","2026-10-07T06:49:13Z","darwin-arm64"
"main","is_na","double","fast",1e+07,"base",5769.39700000878,169.13143313584,82,3.87844396909517,1,FALSE,"0.1.0","2026-10-07T06:49:13Z","darwin-arm64"
"main","which","logical","fast",1e+07,"neon",9055.09599999732,35.8944237013253,19,4.40169159995965,5.63932607672171,FALSE,"0.1.0","2026-10-07T06:49:13Z","darwin-arm64"
"main","which","logical","fast",1e+07,"none",39857.7400000164,22.2709096228181,20,1,1.28117246487087,FALSE,"0.1.0","2026-10-07T06:49:13Z","darwin-arm64"
"main","which","logical","fast",1e+07,"base",51064.6390000034,19.5076553825259,19,0.780535039129794,1,FALSE,"0.1.0","2026-10-07T06:49:13Z","darwin-arm64"
"main","count","logical","fast",1e+07,"neon",1971.54650001607,495.949257565084,200,3.15963939980233,4.0107306624244,FALSE,"0.1.0","2026-10-07T06:49:13Z","darwin-arm64"
"main","count","logical","fast",1e+07,"none",6229.37599999318,142.168728306938,72,1,1.26936341617822,FALSE,"0.1.0","2026-10-07T06:49:13Z","darwin-arm64"
"main","count","logical","fast",1e+07,"base",7907.34200000998,120.918004894237,61,0.78779645549482,1,FALSE,"0.1.0","2026-10-07T06:49:13Z","darwin-arm64"
"main","max_abs","double","fast",1e+07,"neon",2446.88000002213,367.189570023853,184,5.83637734579192,15.788798592347,FALSE,"0.1.0","2026-10-07T06:49:13Z","darwin-arm64"
"main","max_abs","double","fast",1e+07,"none",14280.9150000005,69.2591303727416,35,1,2.70523951021277,FALSE,"0.1.0","2026-10-07T06:49:13Z","darwin-arm64"
"main","max_abs","double","fast",1e+07,"base",38633.2954999915,12.58316004248,18,0.369653036718124,1,FALSE,"0.1.0","2026-10-07T06:49:13Z","darwin-arm64"
"main","which_max_abs","double","fast",1e+07,"neon",2531.01200000572,386.719002584068,194,5.51673362274709,18.4683227499027,FALSE,"0.1.0","2026-10-07T06:49:13Z","darwin-arm64"
"main","which_max_abs","double","fast",1e+07,"none",13962.9190000079,71.3235932882947,36,1,3.34769158941307,FALSE,"0.1.0","2026-10-07T06:49:13Z","darwin-arm64"
"main","which_max_abs","double","fast",1e+07,"base",46743.5464999824,20.6340782077364,18,0.298713299385899,1,FALSE,"0.1.0","2026-10-07T06:49:13Z","darwin-arm64"
"main","as_integer","double","fast",1e+07,"neon",31259.8760000071,28.0691116840549,19,0.614093510799977,0.236004071161574,FALSE,"0.1.0","2026-10-07T06:49:13Z","darwin-arm64"
"main","as_integer","double","fast",1e+07,"none",19196.4870000163,49.636586558756,24,1,0.384312921421581,FALSE,"0.1.0","2026-10-07T06:49:13Z","darwin-arm64"
"main","as_integer","double","fast",1e+07,"base",7377.45800000766,134.291639852555,65,2.60204626037808,1,FALSE,"0.1.0","2026-10-07T06:49:13Z","darwin-arm64"
"main","hamming","double","fast",1e+07,"neon",4120.8279999978,149.55808696093,75,3.28189795837778,5.29050423847399,FALSE,"0.1.0","2026-10-07T06:49:13Z","darwin-arm64"
"main","hamming","double","fast",1e+07,"none",13524.1370000188,72.5352834162991,37,1,1.61202581724663,FALSE,"0.1.0","2026-10-07T06:49:13Z","darwin-arm64"
"main","hamming","double","fast",1e+07,"base",21801.2580000106,32.1607187163599,19,0.620337459426064,1,FALSE,"0.1.0","2026-10-07T06:49:13Z","darwin-arm64"
"main","hamming","integer","fast",1e+07,"neon",2430.74649999642,339.300204185734,170,9.15032933300355,11.72396751369,FALSE,"0.1.0","2026-10-07T06:49:13Z","darwin-arm64"
"main","hamming","integer","fast",1e+07,"none",22242.1310000129,44.506783871053,23,1,1.28126180894974,FALSE,"0.1.0","2026-10-07T06:49:13Z","darwin-arm64"
"main","hamming","integer","fast",1e+07,"base",28497.9929999736,28.9485784876865,19,0.780480611390197,1,FALSE,"0.1.0","2026-10-07T06:49:13Z","darwin-arm64"
"main","is_whole","double","fast",1e+07,"neon",9679.6900000129,62.205871326417,31,1.92372188571939,2.98249608199954,FALSE,"0.1.0","2026-10-07T06:49:13Z","darwin-arm64"
"main","is_whole","double","fast",1e+07,"none",18621.0315000039,52.245742972128,26,1,1.55037799597742,FALSE,"0.1.0","2026-10-07T06:49:13Z","darwin-arm64"
"main","is_whole","double","fast",1e+07,"base",28869.6375000086,30.5502993341167,18,0.645003994248227,1,FALSE,"0.1.0","2026-10-07T06:49:13Z","darwin-arm64"
"main","is_pow2","double","fast",1e+07,"neon",4702.33100000428,210.736499256116,101,17.7360734495134,33.3465311140109,FALSE,"0.1.0","2026-10-07T06:49:13Z","darwin-arm64"
"main","is_pow2","double","fast",1e+07,"none",83400.8879999999,11.7834416786572,19,1,1.88015296671686,FALSE,"0.1.0","2026-10-07T06:49:13Z","darwin-arm64"
"main","is_pow2","double","fast",1e+07,"base",156806.427000021,6.05017562200215,8,0.531871617736618,1,FALSE,"0.1.0","2026-10-07T06:49:13Z","darwin-arm64"
"main","recip_approx","double","fast",1e+07,"neon",4383.67900000003,132.356432025502,57,0.714339827335882,0.722303800081188,FALSE,"0.1.0","2026-10-07T06:49:13Z","darwin-arm64"
"main","recip_approx","double","fast",1e+07,"none",3131.43649995595,311.241429117085,142,1,1.0111487172359,FALSE,"0.1.0","2026-10-07T06:49:13Z","darwin-arm64"
"main","recip_approx","double","fast",1e+07,"base",3166.34800003612,309.594925074331,141,0.988974206221245,1,FALSE,"0.1.0","2026-10-07T06:49:13Z","darwin-arm64"
"main","rsqrt","double","fast",1e+07,"neon",5893.13500000799,169.190827880641,78,1.05236720353798,8.83246251781427,FALSE,"0.1.0","2026-10-07T06:49:13Z","darwin-arm64"
"main","rsqrt","double","fast",1e+07,"none",6201.74200003021,159.009790878775,73,1,8.39294733636717,FALSE,"0.1.0","2026-10-07T06:49:13Z","darwin-arm64"
"main","rsqrt","double","fast",1e+07,"base",52050.89399999,18.8945401618836,19,0.119147655754604,1,FALSE,"0.1.0","2026-10-07T06:49:13Z","darwin-arm64"
"main","rsqrt_approx","double","fast",1e+07,"neon",6383.82300004992,152.169751861557,70,1.04814936129007,8.93538660134968,TRUE,"0.1.0","2026-10-07T06:49:13Z","darwin-arm64"
"main","rsqrt_approx","double","fast",1e+07,"none",6691.20000009116,147.487376202001,69,1,8.5249172793007,FALSE,"0.1.0","2026-10-07T06:49:13Z","darwin-arm64"
"main","rsqrt_approx","double","fast",1e+07,"base",57041.9265000339,17.1486359718578,18,0.117303191014896,1,FALSE,"0.1.0","2026-10-07T06:49:13Z","darwin-arm64"
"main","rootn","double","fast",1e+07,"neon",289745.319000019,3.40490866629216,19,1.06896757148304,0.429861061879747,TRUE,"0.1.0","2026-10-07T06:49:13Z","darwin-arm64"
"main","rootn","double","fast",1e+07,"none",309728.350000029,3.18711877248888,18,1,0.402127317373507,FALSE,"0.1.0","2026-10-07T06:49:13Z","darwin-arm64"
"main","rootn","double","fast",1e+07,"base",124550.230500034,7.76344197116428,18,2.48677460295783,1,FALSE,"0.1.0","2026-10-07T06:49:13Z","darwin-arm64"
"main","mul","complex","fast",1e+07,"neon",98870.7620000469,5.97958370124778,17,0.22825382897395,0.137340233101547,FALSE,"0.1.0","2026-10-07T06:49:13Z","darwin-arm64"
"main","mul","complex","fast",1e+07,"none",22567.6300000828,29.8727771139092,17,1,0.601699580326523,FALSE,"0.1.0","2026-10-07T06:49:13Z","darwin-arm64"
"main","mul","complex","fast",1e+07,"base",13578.933500014,68.4128249690279,30,1.66195894545469,1,FALSE,"0.1.0","2026-10-07T06:49:13Z","darwin-arm64"
"main","div","complex","fast",1e+07,"neon",143074.584000033,6.67595232991944,17,1.05073354607828,1.09370321845577,TRUE,"0.1.0","2026-10-07T06:49:13Z","darwin-arm64"
"main","div","complex","fast",1e+07,"none",150333.265000029,6.60779056089319,17,1,1.04089492767969,FALSE,"0.1.0","2026-10-07T06:49:13Z","darwin-arm64"
"main","div","complex","fast",1e+07,"base",156481.133000057,5.86412756345361,17,0.960711761973084,1,FALSE,"0.1.0","2026-10-07T06:49:13Z","darwin-arm64"
"main","prod","complex","fast",1e+07,"neon",16976.4805000057,32.0646923380345,20,5.0187122413225,1.60222841831456,FALSE,"0.1.0","2026-10-07T06:49:13Z","darwin-arm64"
"main","prod","complex","fast",1e+07,"none",85200.0704999512,11.1013222673408,20,1,0.319250903672524,FALSE,"0.1.0","2026-10-07T06:49:13Z","darwin-arm64"
"main","prod","complex","fast",1e+07,"base",27200.1995000721,36.2658932534072,20,3.13233255880073,1,FALSE,"0.1.0","2026-10-07T06:49:13Z","darwin-arm64"
"main","abs","complex","fast",1e+07,"neon",139303.281000025,4.36792572387664,19,0.174787300953925,0.158032293582345,TRUE,"0.1.0","2026-10-07T06:49:13Z","darwin-arm64"
"main","abs","complex","fast",1e+07,"none",24348.4445000206,32.6100196661963,18,1,0.904140590991808,FALSE,"0.1.0","2026-10-07T06:49:13Z","darwin-arm64"
"main","abs","complex","fast",1e+07,"base",22014.4169999799,44.0184048832548,21,1.10602268050264,1,FALSE,"0.1.0","2026-10-07T06:49:13Z","darwin-arm64"
"main","pow_int","complex","fast",1e+07,"neon",24844.62649997,16.7962748102022,18,3.19118961197205,2.11041864526098,FALSE,"0.1.0","2026-10-07T06:49:13Z","darwin-arm64"
"main","pow_int","complex","fast",1e+07,"none",79283.9140000297,8.92498682760907,17,1,0.661326621691029,FALSE,"0.1.0","2026-10-07T06:49:13Z","darwin-arm64"
"main","pow_int","complex","fast",1e+07,"base",52432.5630000817,18.3998240197419,17,1.51211212009427,1,FALSE,"0.1.0","2026-10-07T06:49:13Z","darwin-arm64"
"main","sum_narm","double","fast",1e+07,"neon",3651.09100005157,222.360691164385,112,5.69378782937624,5.00242557628333,FALSE,"0.1.0","2026-10-07T06:49:13Z","darwin-arm64"
"main","sum_narm","double","fast",1e+07,"none",20788.5375000387,47.3148664447032,24,1,0.878576042204113,FALSE,"0.1.0","2026-10-07T06:49:13Z","darwin-arm64"
"main","sum_narm","double","fast",1e+07,"base",18264.3109999958,53.8654518694144,28,1.13820540506803,1,FALSE,"0.1.0","2026-10-07T06:49:13Z","darwin-arm64"
"main","min","double","fast",1e+07,"neon",2594.31600005655,309.865686855422,155,5.55536854404344,2.72520386871777,FALSE,"0.1.0","2026-10-07T06:49:13Z","darwin-arm64"
"main","min","double","fast",1e+07,"none",14412.3815000228,66.7450520556518,34,1,0.490553209406742,FALSE,"0.1.0","2026-10-07T06:49:13Z","darwin-arm64"
"main","min","double","fast",1e+07,"base",7070.04000003053,97.7457187062447,53,2.03851484573787,1,FALSE,"0.1.0","2026-10-07T06:49:13Z","darwin-arm64"
"main","min","integer","fast",1e+07,"neon",1416.32450004181,449.574666841811,200,15.2858776356608,7.41207717558248,FALSE,"0.1.0","2026-10-07T06:49:13Z","darwin-arm64"
"main","min","integer","fast",1e+07,"none",21649.7630000276,40.5589717743864,21,1,0.484897063305717,FALSE,"0.1.0","2026-10-07T06:49:13Z","darwin-arm64"
"main","min","integer","fast",1e+07,"base",10497.9064999782,90.8945849598105,46,2.06229337249981,1,FALSE,"0.1.0","2026-10-07T06:49:13Z","darwin-arm64"
"main","is_finite_all","double","fast",1e+07,"neon",2504.62850004851,382.565462908103,192,11.2644605774825,13.8889316317237,FALSE,"0.1.0","2026-10-07T06:49:13Z","darwin-arm64"
"main","is_finite_all","double","fast",1e+07,"none",28213.2890000355,34.8023972781777,20,1,1.23298683822353,FALSE,"0.1.0","2026-10-07T06:49:13Z","darwin-arm64"
"main","is_finite_all","double","fast",1e+07,"base",34786.6140000406,31.6979730111856,19,0.811038665620132,1,FALSE,"0.1.0","2026-10-07T06:49:13Z","darwin-arm64"
"main","bit_and","raw","fast",1e+07,"neon",3347.28100006032,83.9610858052317,45,3.90253671555588,4.15534474093221,FALSE,"0.1.0","2026-10-07T06:49:13Z","darwin-arm64"
"main","bit_and","raw","fast",1e+07,"none",13062.887000018,14.7873055630794,20,1,1.06478043483066,FALSE,"0.1.0","2026-10-07T06:49:13Z","darwin-arm64"
"main","bit_and","raw","fast",1e+07,"base",13909.106500023,66.6163551823831,30,0.939160757737849,1,FALSE,"0.1.0","2026-10-07T06:49:13Z","darwin-arm64"
"main","popcount_total","raw","fast",1e+07,"neon",637.796000063418,1512.00925056773,200,1.09822576489613,219.643481593002,TRUE,"0.1.0","2026-10-07T06:49:13Z","darwin-arm64"
"main","popcount_total","raw","fast",1e+07,"none",700.444000017342,1395.90184150811,200,1,199.998478103247,FALSE,"0.1.0","2026-10-07T06:49:13Z","darwin-arm64"
"main","popcount_total","raw","fast",1e+07,"base",140087.734000019,6.07826139055518,11,0.00500003804770834,1,FALSE,"0.1.0","2026-10-07T06:49:13Z","darwin-arm64"
"na","sum","double","fast",1e+07,"neon",1.4760000226488,540444.13630383,200,6.30555547746218,13307.6942402559,FALSE,"0.1.0","2026-10-07T06:49:13Z","darwin-arm64"
"na","sum","double","fast",1e+07,"none",9.30700002754747,97333.21553053,200,1,2110.47135939433,FALSE,"0.1.0","2026-10-07T06:49:13Z","darwin-arm64"
"na","sum","double","fast",1e+07,"base",19642.1570000211,49.0245240416788,25,0.000473827799438598,1,FALSE,"0.1.0","2026-10-07T06:49:13Z","darwin-arm64"
"na","sum","integer","fast",1e+07,"neon",1.43499994464946,580443.697114385,200,0.657142904677425,0.171428587273427,FALSE,"0.1.0","2026-10-07T06:49:13Z","darwin-arm64"
"na","sum","integer","fast",1e+07,"none",0.943000031838892,1000215.01492443,200,1,0.260869570459073,FALSE,"0.1.0","2026-10-07T06:49:13Z","darwin-arm64"
"na","sum","integer","fast",1e+07,"base",0.246000013248704,2226402.74245015,200,3.83333325630973,1,FALSE,"0.1.0","2026-10-07T06:49:13Z","darwin-arm64"
"na","any_na","double","fast",1e+07,"neon",0.533000047653331,1552035.79423357,200,1.07692310973786,0.23076932921359,FALSE,"0.1.0","2026-10-07T06:49:13Z","darwin-arm64"
"na","any_na","double","fast",1e+07,"none",0.574000068809255,1517750.01120407,200,1,0.214285799168858,FALSE,"0.1.0","2026-10-07T06:49:13Z","darwin-arm64"
"na","any_na","double","fast",1e+07,"base",0.123000063467771,6958698.43717027,200,4.66666481810115,1,FALSE,"0.1.0","2026-10-07T06:49:13Z","darwin-arm64"
"na","any_na","integer","fast",1e+07,"neon",0.533000047653331,1545153.15034419,200,1.15384611282767,0.230769222565534,FALSE,"0.1.0","2026-10-07T06:49:13Z","darwin-arm64"
"na","any_na","integer","fast",1e+07,"none",0.61500003312176,1332436.09932962,200,1,0.2,FALSE,"0.1.0","2026-10-07T06:49:13Z","darwin-arm64"
"na","any_na","integer","fast",1e+07,"base",0.123000006624352,4418521.75866965,200,5,1,FALSE,"0.1.0","2026-10-07T06:49:13Z","darwin-arm64"
"na","sum_narm","double","fast",1e+07,"neon",3609.84500002814,231.252005590539,117,6.74258049856738,4.95136577883716,FALSE,"0.1.0","2026-10-07T06:49:13Z","darwin-arm64"
"na","sum_narm","double","fast",1e+07,"none",24339.6705000407,38.8651488467738,20,1,0.734342849876126,FALSE,"0.1.0","2026-10-07T06:49:13Z","darwin-arm64"
"na","sum_narm","double","fast",1e+07,"base",17873.6630000458,53.6349121942561,27,1.36176174408001,1,FALSE,"0.1.0","2026-10-07T06:49:13Z","darwin-arm64"
"na","min","double","fast",1e+07,"neon",1.55800006496065,409163.622578204,200,4.11842090813232,5327.14451477267,FALSE,"0.1.0","2026-10-07T06:49:13Z","darwin-arm64"
"na","min","double","fast",1e+07,"none",6.41650004240546,119369.846077348,200,1,1293.49200424211,FALSE,"0.1.0","2026-10-07T06:49:13Z","darwin-arm64"
"na","min","double","fast",1e+07,"base",8299.69150007059,115.669838720775,58,0.000773101029399814,1,FALSE,"0.1.0","2026-10-07T06:49:13Z","darwin-arm64"
"na","min","integer","fast",1e+07,"neon",1.27099997371261,577762.507109804,200,7.06451634255035,0.193548356800289,FALSE,"0.1.0","2026-10-07T06:49:13Z","darwin-arm64"
"na","min","integer","fast",1e+07,"none",8.97900008567376,102398.269503751,200,1,0.0273972551573738,FALSE,"0.1.0","2026-10-07T06:49:13Z","darwin-arm64"
"na","min","integer","fast",1e+07,"base",0.245999956405285,2751296.70152189,200,36.5000068165901,1,FALSE,"0.1.0","2026-10-07T06:49:13Z","darwin-arm64"
"precision","sum","double","fast",1e+07,"neon",1833.0689999857,519.869935825753,200,12.2984633967379,10.1069135969093,FALSE,"0.1.0","2026-10-07T06:49:13Z","darwin-arm64"
"precision","sum","double","fast",1e+07,"none",22543.9320000191,43.6543588433269,22,1,0.821802957887411,FALSE,"0.1.0","2026-10-07T06:49:13Z","darwin-arm64"
"precision","sum","double","fast",1e+07,"base",18526.6700000284,48.24445333272,25,1.2168367008202,1,FALSE,"0.1.0","2026-10-07T06:49:13Z","darwin-arm64"
"precision","sum","double","pairwise",1e+07,"neon",2227.0585000399,413.578357301347,200,12.0953266380517,7.84716993274172,FALSE,"0.1.0","2026-10-07T06:49:13Z","darwin-arm64"
"precision","sum","double","pairwise",1e+07,"none",26937.0000000322,26.3607209757128,20,1,0.648777016740881,FALSE,"0.1.0","2026-10-07T06:49:13Z","darwin-arm64"
"precision","sum","double","pairwise",1e+07,"base",17476.10649997,55.6460406548977,28,1.54136162995336,1,FALSE,"0.1.0","2026-10-07T06:49:13Z","darwin-arm64"
"precision","sum","double","compensated",1e+07,"neon",5617.77900003335,172.243486416594,87,4.72211518106846,3.18089097131032,FALSE,"0.1.0","2026-10-07T06:49:13Z","darwin-arm64"
"precision","sum","double","compensated",1e+07,"none",26527.7994999451,33.9318919065962,20,1,0.673615710193369,FALSE,"0.1.0","2026-10-07T06:49:13Z","darwin-arm64"
"precision","sum","double","compensated",1e+07,"base",17869.5425000228,54.7885404483448,28,1.48452594686804,1,FALSE,"0.1.0","2026-10-07T06:49:13Z","darwin-arm64"
"precision","dot","double","fast",1e+07,"neon",4202.50000007627,200.231071016,101,7.84733658523531,14.4080292680369,FALSE,"0.1.0","2026-10-07T06:49:13Z","darwin-arm64"
"precision","dot","double","fast",1e+07,"none",32978.4320000499,24.4100538816412,20,1,1.83604068865168,FALSE,"0.1.0","2026-10-07T06:49:13Z","darwin-arm64"
"precision","dot","double","fast",1e+07,"base",60549.7430000241,9.6597783854629,19,0.544650239061077,1,FALSE,"0.1.0","2026-10-07T06:49:13Z","darwin-arm64"
"precision","dot","double","fast",1e+07,"blas",24087.9305000306,37.5921851304939,20,1.36908531847549,2.51369635095665,FALSE,"0.1.0","2026-10-07T06:49:13Z","darwin-arm64"
"precision","dot","double","pairwise",1e+07,"neon",3965.70450004674,250.723000063251,126,7.65049703014034,12.8716405873029,FALSE,"0.1.0","2026-10-07T06:49:13Z","darwin-arm64"
"precision","dot","double","pairwise",1e+07,"none",30339.6105000218,28.200545034443,20,1,1.68245808561104,FALSE,"0.1.0","2026-10-07T06:49:13Z","darwin-arm64"
"precision","dot","double","pairwise",1e+07,"base",51045.1230000513,10.3311154866126,19,0.594368447304776,1,FALSE,"0.1.0","2026-10-07T06:49:13Z","darwin-arm64"
"precision","dot","double","pairwise",1e+07,"blas",22102.6900000538,44.5858438603581,23,1.37266597413925,2.30945296703374,FALSE,"0.1.0","2026-10-07T06:49:13Z","darwin-arm64"
"precision","dot","double","compensated",1e+07,"neon",6759.11649997829,138.202679952189,70,4.69553520791064,3.46168334280092,FALSE,"0.1.0","2026-10-07T06:49:13Z","darwin-arm64"
"precision","dot","double","compensated",1e+07,"none",31737.6695000178,30.924075943153,20,1,0.737228705466625,FALSE,"0.1.0","2026-10-07T06:49:13Z","darwin-arm64"
"precision","dot","double","compensated",1e+07,"base",23397.9210000257,32.343353720199,19,1.35643117608539,1,FALSE,"0.1.0","2026-10-07T06:49:13Z","darwin-arm64"
"precision","dot","double","compensated",1e+07,"blas",22439.4435000193,43.4888830721852,22,1.41436972356246,1.04271396035314,FALSE,"0.1.0","2026-10-07T06:49:13Z","darwin-arm64"
"math","sin","double","accurate",1e+07,"neon",80321.8700000343,12.2419955858393,19,1.11904730305724,1.18351819996189,FALSE,"0.1.0","2026-10-07T06:49:13Z","darwin-arm64"
"math","sin","double","accurate",1e+07,"none",89883.9720000524,10.9655891121943,19,1,1.05761230711921,FALSE,"0.1.0","2026-10-07T06:49:13Z","darwin-arm64"
"math","sin","double","accurate",1e+07,"base",95062.3950000136,10.1728016443637,19,0.945526062119932,1,FALSE,"0.1.0","2026-10-07T06:49:13Z","darwin-arm64"
"math","sin","double","fast",1e+07,"neon",49997.3270000282,20.0642613727836,19,1.77004166642629,1.87033794826628,FALSE,"0.1.0","2026-10-07T06:49:13Z","darwin-arm64"
"math","sin","double","fast",1e+07,"none",88497.3519999903,11.3083618753372,19,1,1.05666323213876,FALSE,"0.1.0","2026-10-07T06:49:13Z","darwin-arm64"
"math","sin","double","fast",1e+07,"base",93511.8980000311,9.74341880904455,19,0.946375315790947,1,FALSE,"0.1.0","2026-10-07T06:49:13Z","darwin-arm64"
"math","log","double","accurate",1e+07,"neon",36621.1589999921,24.5462287264455,19,0.979698812918939,0.94800038961202,FALSE,"0.1.0","2026-10-07T06:49:13Z","darwin-arm64"
"math","log","double","accurate",1e+07,"none",35877.706000008,25.3278765605343,19,1,0.96764472622716,FALSE,"0.1.0","2026-10-07T06:49:13Z","darwin-arm64"
"math","log","double","accurate",1e+07,"base",34716.8730000362,28.4544446474965,19,1.03343714164494,1,FALSE,"0.1.0","2026-10-07T06:49:13Z","darwin-arm64"
"math","log","double","fast",1e+07,"neon",24347.5220000278,40.0478410665822,19,1.41242620090954,1.50219923818018,FALSE,"0.1.0","2026-10-07T06:49:13Z","darwin-arm64"
"math","log","double","fast",1e+07,"none",34389.0780000606,28.4756113934106,19,1,1.06355945338088,FALSE,"0.1.0","2026-10-07T06:49:13Z","darwin-arm64"
"math","log","double","fast",1e+07,"base",36574.829000017,27.476042030127,19,0.940238927707487,1,FALSE,"0.1.0","2026-10-07T06:49:13Z","darwin-arm64"
"math","tanh","double","accurate",1e+07,"neon",98887.7770000158,9.12038143769697,19,1.02590616431845,0.882469690870513,FALSE,"0.1.0","2026-10-07T06:49:13Z","darwin-arm64"
"math","tanh","double","accurate",1e+07,"none",101449.580000065,9.88908620038681,19,1,0.860185581842928,FALSE,"0.1.0","2026-10-07T06:49:13Z","darwin-arm64"
"math","tanh","double","accurate",1e+07,"base",87265.4660000762,11.1289156058631,19,1.1625398299022,1,FALSE,"0.1.0","2026-10-07T06:49:13Z","darwin-arm64"
"math","tanh","double","fast",1e+07,"neon",36220.9169999801,27.465860885396,19,2.22911763940344,2.38380439125938,FALSE,"0.1.0","2026-10-07T06:49:13Z","darwin-arm64"
"math","tanh","double","fast",1e+07,"none",80740.6850000234,12.2277884881597,19,1,1.06939371396179,FALSE,"0.1.0","2026-10-07T06:49:13Z","darwin-arm64"
"math","tanh","double","fast",1e+07,"base",86343.5809999942,11.4203016669872,19,0.935109293185661,1,FALSE,"0.1.0","2026-10-07T06:49:13Z","darwin-arm64"
"math","atan2","double","accurate",1e+07,"neon",115133.289000028,8.17273826295776,19,2.56498330382957,2.78842175697674,FALSE,"0.1.0","2026-10-07T06:49:13Z","darwin-arm64"
"math","atan2","double","accurate",1e+07,"none",295314.964000056,3.24000700128649,19,1,1.08711107507545,FALSE,"0.1.0","2026-10-07T06:49:13Z","darwin-arm64"
"math","atan2","double","accurate",1e+07,"base",321040.167999968,3.11069168392688,19,0.919869204653811,1,FALSE,"0.1.0","2026-10-07T06:49:13Z","darwin-arm64"
"math","atan2","double","fast",1e+07,"neon",55901.4090000005,16.9796169743046,19,5.00674245974775,4.92617618994217,FALSE,"0.1.0","2026-10-07T06:49:13Z","darwin-arm64"
"math","atan2","double","fast",1e+07,"none",279883.958000028,3.57462278581359,19,1,0.983908445370756,FALSE,"0.1.0","2026-10-07T06:49:13Z","darwin-arm64"
"math","atan2","double","fast",1e+07,"base",275380.190000021,3.59392424914088,19,1.01635472762222,1,FALSE,"0.1.0","2026-10-07T06:49:13Z","darwin-arm64"
"math","hypot","double","accurate",1e+07,"neon",52032.4440000195,18.973593520178,19,0.68755732481087,1.13958926280703,FALSE,"0.1.0","2026-10-07T06:49:13Z","darwin-arm64"
"math","hypot","double","accurate",1e+07,"none",35775.2880000248,28.1774932749715,19,1,1.65744618184454,FALSE,"0.1.0","2026-10-07T06:49:13Z","darwin-arm64"
"math","hypot","double","accurate",1e+07,"base",59295.6145000301,17.1244647826926,18,0.603337840440235,1,FALSE,"0.1.0","2026-10-07T06:49:13Z","darwin-arm64"
"math","hypot","double","fast",1e+07,"neon",12781.1350000115,77.8197061942507,37,2.81643703787245,4.83630647825261,FALSE,"0.1.0","2026-10-07T06:49:13Z","darwin-arm64"
"math","hypot","double","fast",1e+07,"none",35997.2620000804,26.6083678633632,19,1,1.71717187823449,FALSE,"0.1.0","2026-10-07T06:49:13Z","darwin-arm64"
"math","hypot","double","fast",1e+07,"base",61813.485999977,16.2158554791774,18,0.58235288655446,1,FALSE,"0.1.0","2026-10-07T06:49:13Z","darwin-arm64"
"math","pow","double","accurate",1e+07,"neon",173862.878000051,5.72327164867665,18,0.997742514074679,0.970941324231313,FALSE,"0.1.0","2026-10-07T06:49:13Z","darwin-arm64"
"math","pow","double","accurate",1e+07,"none",173470.38500003,5.78762425384941,19,1,0.973138169953376,FALSE,"0.1.0","2026-10-07T06:49:13Z","darwin-arm64"
"math","pow","double","accurate",1e+07,"base",168810.653000037,5.93467628843907,19,1.02760330534349,1,FALSE,"0.1.0","2026-10-07T06:49:13Z","darwin-arm64"
"math","pow","double","fast",1e+07,"neon",173671.571999989,5.72672338587808,19,1.00066951659785,0.971430338639628,FALSE,"0.1.0","2026-10-07T06:49:13Z","darwin-arm64"
"math","pow","double","fast",1e+07,"none",173787.848000018,5.77992208709492,19,1,0.970780385058966,FALSE,"0.1.0","2026-10-07T06:49:13Z","darwin-arm64"
"math","pow","double","fast",1e+07,"base",168709.834000026,5.90880912180069,19,1.03009909902461,1,FALSE,"0.1.0","2026-10-07T06:49:13Z","darwin-arm64"
"math","asinh","double","accurate",1e+07,"neon",60890.7400000476,16.5831689852452,19,0.944435541430874,0.928260635360975,FALSE,"0.1.0","2026-10-07T06:49:13Z","darwin-arm64"
"math","asinh","double","accurate",1e+07,"none",57507.3790000715,17.3301627247166,19,1,0.982873467420134,FALSE,"0.1.0","2026-10-07T06:49:13Z","darwin-arm64"
"math","asinh","double","accurate",1e+07,"base",56522.4770000441,17.5801059479396,19,1.01742496175507,1,FALSE,"0.1.0","2026-10-07T06:49:13Z","darwin-arm64"
"math","asinh","double","fast",1e+07,"neon",57509.2034999614,17.5470074899203,18,0.997818792606009,0.981809963688453,FALSE,"0.1.0","2026-10-07T06:49:13Z","darwin-arm64"
"math","asinh","double","fast",1e+07,"none",57383.7640000647,17.5943608910147,19,1,0.983956176175289,FALSE,"0.1.0","2026-10-07T06:49:13Z","darwin-arm64"
"math","asinh","double","fast",1e+07,"base",56463.1090000489,17.942230326374,19,1.01630542519391,1,FALSE,"0.1.0","2026-10-07T06:49:13Z","darwin-arm64"
"math","sqrt","complex","accurate",1e+07,"neon",109584.738500047,3.88748485498205,18,0.434761730074005,0.318322724290786,FALSE,"0.1.0","2026-10-07T06:49:13Z","darwin-arm64"
"math","sqrt","complex","accurate",1e+07,"none",47643.2504999877,17.8030009992641,18,1,0.73217742563634,FALSE,"0.1.0","2026-10-07T06:49:13Z","darwin-arm64"
"math","sqrt","complex","accurate",1e+07,"base",34883.3125000283,28.2172109796402,18,1.36578917211343,1,FALSE,"0.1.0","2026-10-07T06:49:13Z","darwin-arm64"
"math","sqrt","complex","fast",1e+07,"neon",31685.8045000288,31.1157002619843,18,1.13288204501828,1.06613403172395,FALSE,"0.1.0","2026-10-07T06:49:13Z","darwin-arm64"
"math","sqrt","complex","fast",1e+07,"none",35896.2790000419,27.7492470981446,18,1,0.941081232959915,FALSE,"0.1.0","2026-10-07T06:49:13Z","darwin-arm64"
"math","sqrt","complex","fast",1e+07,"base",33781.3145000325,29.4772351865014,18,1.06260752523432,1,FALSE,"0.1.0","2026-10-07T06:49:13Z","darwin-arm64"
"math","exp","complex","accurate",1e+07,"neon",86430.8494999761,11.6541118570626,18,2.66672801821836,2.65739198826342,FALSE,"0.1.0","2026-10-07T06:49:13Z","darwin-arm64"
"math","exp","complex","accurate",1e+07,"none",230487.568000001,4.2762691007742,18,1,0.996499069312219,FALSE,"0.1.0","2026-10-07T06:49:13Z","darwin-arm64"
"math","exp","complex","accurate",1e+07,"base",229680.647000038,4.29349232836933,18,1.00351323026342,1,FALSE,"0.1.0","2026-10-07T06:49:13Z","darwin-arm64"
"math","exp","complex","fast",1e+07,"neon",58218.7495000426,17.0122950691752,18,3.94853234523482,3.94404668550753,FALSE,"0.1.0","2026-10-07T06:49:13Z","darwin-arm64"
"math","exp","complex","fast",1e+07,"none",229878.615500041,4.33497004325749,18,1,0.99886396784043,FALSE,"0.1.0","2026-10-07T06:49:13Z","darwin-arm64"
"math","exp","complex","fast",1e+07,"base",229617.466000036,4.35082089675187,18,1.00113732419643,1,FALSE,"0.1.0","2026-10-07T06:49:13Z","darwin-arm64"
"math","log","complex","accurate",1e+07,"neon",252657.129000028,3.97959924420323,18,1.56774935093958,1.60188078643092,FALSE,"0.1.0","2026-10-07T06:49:13Z","darwin-arm64"
"math","log","complex","accurate",1e+07,"none",396103.05000005,2.48602661823648,18,1,1.02177097727445,FALSE,"0.1.0","2026-10-07T06:49:13Z","darwin-arm64"
"math","log","complex","accurate",1e+07,"base",404726.600499942,2.45939458550133,18,0.978692899134283,1,FALSE,"0.1.0","2026-10-07T06:49:13Z","darwin-arm64"
"math","log","complex","fast",1e+07,"neon",121285.605499963,8.19538134050408,18,3.25382789551355,3.3179555507941,FALSE,"0.1.0","2026-10-07T06:49:13Z","darwin-arm64"
"math","log","complex","fast",1e+07,"none",394642.486500032,2.53130469188316,18,1,1.01970837344193,FALSE,"0.1.0","2026-10-07T06:49:13Z","darwin-arm64"
"math","log","complex","fast",1e+07,"base",402420.248000027,2.47826676695997,18,0.980672539369853,1,FALSE,"0.1.0","2026-10-07T06:49:13Z","darwin-arm64"
"math","sin","complex","accurate",1e+07,"neon",135329.335500046,7.31943161358605,18,1.34028667420691,1.27828420837842,FALSE,"0.1.0","2026-10-07T06:49:13Z","darwin-arm64"
"math","sin","complex","accurate",1e+07,"none",181380.104999988,5.51402911805734,18,1,0.953739399919659,FALSE,"0.1.0","2026-10-07T06:49:13Z","darwin-arm64"
"math","sin","complex","accurate",1e+07,"base",172989.352500053,5.69290058805086,18,1.04850444480352,1,FALSE,"0.1.0","2026-10-07T06:49:13Z","darwin-arm64"
"math","sin","complex","fast",1e+07,"neon",112650.267500044,8.96149384995575,18,1.58866197099773,1.65071467761924,FALSE,"0.1.0","2026-10-07T06:49:13Z","darwin-arm64"
"math","sin","complex","fast",1e+07,"none",178963.196000041,5.56011923277732,18,1,1.03905972935359,FALSE,"0.1.0","2026-10-07T06:49:13Z","darwin-arm64"
"math","sin","complex","fast",1e+07,"base",185953.450000056,5.32778679944609,18,0.96240858128734,1,FALSE,"0.1.0","2026-10-07T06:49:13Z","darwin-arm64"
"math","asin","complex","accurate",1e+07,"neon",260214.679500052,3.83845602272439,18,2.23846945959829,2.33349341653881,FALSE,"0.1.0","2026-10-07T06:49:13Z","darwin-arm64"
"math","asin","complex","accurate",1e+07,"none",582482.613000025,1.71903894570549,18,1,1.042450414739,FALSE,"0.1.0","2026-10-07T06:49:13Z","darwin-arm64"
"math","asin","complex","accurate",1e+07,"base",607209.241500129,1.63197069867517,18,0.959278240826808,1,FALSE,"0.1.0","2026-10-07T06:49:13Z","darwin-arm64"
"math","asin","complex","fast",1e+07,"neon",230717.496000125,4.38728586269001,18,2.57154303980329,2.59050281344768,FALSE,"0.1.0","2026-10-07T06:49:13Z","darwin-arm64"
"math","asin","complex","fast",1e+07,"none",593299.970999965,1.67600205943605,18,1,1.00737291709721,FALSE,"0.1.0","2026-10-07T06:49:13Z","darwin-arm64"
"math","asin","complex","fast",1e+07,"base",597674.322499927,1.67069384354721,18,0.992681044951597,1,FALSE,"0.1.0","2026-10-07T06:49:13Z","darwin-arm64"
"math","asin_cut","complex","accurate",1e+07,"neon",131376.81249998,7.22957709346563,18,1.07226994870218,1.03070440227141,FALSE,"0.1.0","2026-10-07T06:49:13Z","darwin-arm64"
"math","asin_cut","complex","accurate",1e+07,"none",140871.40800001,7.06371035936351,18,1,0.961235930857637,FALSE,"0.1.0","2026-10-07T06:49:13Z","darwin-arm64"
"math","asin_cut","complex","accurate",1e+07,"base",135410.659000115,7.35878114787069,18,1.04032732016975,1,FALSE,"0.1.0","2026-10-07T06:49:13Z","darwin-arm64"
"math","asin_cut","complex","fast",1e+07,"neon",107452.595000098,9.41321271146909,18,1.31152760898727,1.25823290261116,FALSE,"0.1.0","2026-10-07T06:49:13Z","darwin-arm64"
"math","asin_cut","complex","fast",1e+07,"none",140927.044999955,6.94484048522701,18,1,0.959364403760237,FALSE,"0.1.0","2026-10-07T06:49:13Z","darwin-arm64"
"math","asin_cut","complex","fast",1e+07,"base",135200.390500074,7.35978827792336,18,1.04235678964165,1,FALSE,"0.1.0","2026-10-07T06:49:13Z","darwin-arm64"
"math","pow","complex","accurate",1e+07,"neon",426963.954999962,2.34795111035108,18,1.67102082774187,1.56117145064424,FALSE,"0.1.0","2026-10-07T06:49:13Z","darwin-arm64"
"math","pow","complex","accurate",1e+07,"none",713465.661499981,1.35975190361398,18,1,0.934262113748707,FALSE,"0.1.0","2026-10-07T06:49:13Z","darwin-arm64"
"math","pow","complex","accurate",1e+07,"base",666563.937000092,1.50179769990413,18,1.07036342936729,1,FALSE,"0.1.0","2026-10-07T06:49:13Z","darwin-arm64"
"math","pow","complex","fast",1e+07,"neon",236774.569500085,4.18791033332865,18,3.54114332155868,3.83742689055877,FALSE,"0.1.0","2026-10-07T06:49:13Z","darwin-arm64"
"math","pow","complex","fast",1e+07,"none",838452.685500158,1.21233058112259,18,1,1.08366890071811,FALSE,"0.1.0","2026-10-07T06:49:13Z","darwin-arm64"
"math","pow","complex","fast",1e+07,"base",908605.100000102,1.12336460153013,18,0.922791084377651,1,FALSE,"0.1.0","2026-10-07T06:49:13Z","darwin-arm64"
"overhead","sum","double","fast",1,"auto",0.902000010682968,599195.24788915,200,NA,0.181818273482634,FALSE,"0.1.0","2026-10-07T06:49:13Z","darwin-arm64"
"overhead","sum","double","fast",1,"base",0.164000084623694,1453963.68113964,200,NA,1,FALSE,"0.1.0","2026-10-07T06:49:13Z","darwin-arm64"
"overhead","sum","double","fast",1,"bare",0.778999947215198,632445.073719935,200,NA,0.210526438685868,FALSE,"0.1.0","2026-10-07T06:49:13Z","darwin-arm64"
"overhead","add","double","fast",1,"auto",1.14800002393167,277903.98524531,200,NA,0.0714285077662072,FALSE,"0.1.0","2026-10-07T06:49:13Z","darwin-arm64"
"overhead","add","double","fast",1,"base",0.0819999286250095,3653969.50776332,200,NA,1,FALSE,"0.1.0","2026-10-07T06:49:13Z","darwin-arm64"
"overhead","exp","double","fast",1,"auto",0.737999926059274,788945.310652014,200,NA,0.0555557438354924,FALSE,"0.1.0","2026-10-07T06:49:13Z","darwin-arm64"
"overhead","exp","double","fast",1,"base",0.0410001348427613,6728339.18475643,200,NA,1,FALSE,"0.1.0","2026-10-07T06:49:13Z","darwin-arm64"
"overhead","eq","double","fast",1,"auto",0.94300014552573,256861.074235903,200,NA,0.26086965956765,FALSE,"0.1.0","2026-10-07T06:49:13Z","darwin-arm64"
"overhead","eq","double","fast",1,"base",0.246000126935542,2813176.22036351,200,NA,1,FALSE,"0.1.0","2026-10-07T06:49:13Z","darwin-arm64"
"overhead","as_integer","double","fast",1,"auto",1.76299994336659,211262.399633965,200,NA,0.0465115889161198,FALSE,"0.1.0","2026-10-07T06:49:13Z","darwin-arm64"
"overhead","as_integer","double","fast",1,"base",0.0819999286250095,2180597.12239036,200,NA,1,FALSE,"0.1.0","2026-10-07T06:49:13Z","darwin-arm64"
"overhead","dot","double","fast",1,"auto",1.18899993140076,417712.692711311,200,NA,0.206896574803744,FALSE,"0.1.0","2026-10-07T06:49:13Z","darwin-arm64"
"overhead","dot","double","fast",1,"base",0.246000013248704,1221649.94698431,200,NA,1,FALSE,"0.1.0","2026-10-07T06:49:13Z","darwin-arm64"
"overhead","mul","complex","fast",1,"auto",3.17749999112493,100854.896775656,200,NA,0.0258065007797701,FALSE,"0.1.0","2026-10-07T06:49:13Z","darwin-arm64"
"overhead","mul","complex","fast",1,"base",0.0820001559986849,1907723.07519409,200,NA,1,FALSE,"0.1.0","2026-10-07T06:49:13Z","darwin-arm64"
"overhead","sum","double","fast",10,"auto",0.861000103213883,629344.406351806,200,NA,0.190476265927874,FALSE,"0.1.0","2026-10-07T06:49:13Z","darwin-arm64"
"overhead","sum","double","fast",10,"base",0.164000084623694,3653967.84567558,200,NA,1,FALSE,"0.1.0","2026-10-07T06:49:13Z","darwin-arm64"
"overhead","sum","double","fast",10,"bare",0.696999961746769,725468.301967534,200,NA,0.235294251971965,FALSE,"0.1.0","2026-10-07T06:49:13Z","darwin-arm64"
"overhead","add","double","fast",10,"auto",0.942999918152054,236179.374414517,200,NA,0.0869566947146466,FALSE,"0.1.0","2026-10-07T06:49:13Z","darwin-arm64"
"overhead","add","double","fast",10,"base",0.0820001559986849,1042095.34793635,200,NA,1,FALSE,"0.1.0","2026-10-07T06:49:13Z","darwin-arm64"
"overhead","exp","double","fast",10,"auto",0.820000082057959,451880.367316175,200,NA,0.100000180235212,FALSE,"0.1.0","2026-10-07T06:49:13Z","darwin-arm64"
"overhead","exp","double","fast",10,"base",0.0820001559986849,1991852.96193855,200,NA,1,FALSE,"0.1.0","2026-10-07T06:49:13Z","darwin-arm64"
"overhead","eq","double","fast",10,"auto",0.902000010682968,474103.297397921,200,NA,0.136363705111975,FALSE,"0.1.0","2026-10-07T06:49:13Z","darwin-arm64"
"overhead","eq","double","fast",10,"base",0.123000063467771,2922736.65612392,200,NA,1,FALSE,"0.1.0","2026-10-07T06:49:13Z","darwin-arm64"
"overhead","as_integer","double","fast",10,"auto",1.20950011250898,312936.146317651,200,NA,0.0677965448510042,FALSE,"0.1.0","2026-10-07T06:49:13Z","darwin-arm64"
"overhead","as_integer","double","fast",10,"base",0.0819999286250095,3886891.76306196,200,NA,1,FALSE,"0.1.0","2026-10-07T06:49:13Z","darwin-arm64"
"overhead","dot","double","fast",10,"auto",3.85400016966742,218276.744181625,200,NA,0.276595757233362,FALSE,"0.1.0","2026-10-07T06:49:13Z","darwin-arm64"
"overhead","dot","double","fast",10,"base",1.06600009530666,760649.998125095,200,NA,1,FALSE,"0.1.0","2026-10-07T06:49:13Z","darwin-arm64"
"overhead","mul","complex","fast",10,"auto",9.92200011751265,112891.530998915,199,NA,0.0165289339529667,FALSE,"0.1.0","2026-10-07T06:49:13Z","darwin-arm64"
"overhead","mul","complex","fast",10,"base",0.164000084623694,5284990.69335839,200,NA,1,FALSE,"0.1.0","2026-10-07T06:49:13Z","darwin-arm64"
"overhead","sum","double","fast",100,"auto",0.902000124369806,832005.526922105,200,NA,1.04545456264163,FALSE,"0.1.0","2026-10-07T06:49:13Z","darwin-arm64"
"overhead","sum","double","fast",100,"base",0.94300014552573,987859.120491473,200,NA,1,FALSE,"0.1.0","2026-10-07T06:49:13Z","darwin-arm64"
"overhead","sum","double","fast",100,"bare",0.820000082057959,399120.323707154,200,NA,1.15000006238911,FALSE,"0.1.0","2026-10-07T06:49:13Z","darwin-arm64"
"overhead","add","double","fast",100,"auto",1.43500000149288,368238.003273887,200,NA,0.114285773138034,FALSE,"0.1.0","2026-10-07T06:49:13Z","darwin-arm64"
"overhead","add","double","fast",100,"base",0.164000084623694,3651232.95302017,200,NA,1,FALSE,"0.1.0","2026-10-07T06:49:13Z","darwin-arm64"
"overhead","exp","double","fast",100,"auto",2.23450007297288,245869.388404335,200,NA,0.183486276340513,FALSE,"0.1.0","2026-10-07T06:49:13Z","darwin-arm64"
"overhead","exp","double","fast",100,"base",0.410000097872398,1168115.00213973,200,NA,1,FALSE,"0.1.0","2026-10-07T06:49:13Z","darwin-arm64"
"overhead","eq","double","fast",100,"auto",1.14800013761851,656445.762895497,200,NA,0.214285799168858,FALSE,"0.1.0","2026-10-07T06:49:13Z","darwin-arm64"
"overhead","eq","double","fast",100,"base",0.246000126935542,2425682.5971157,200,NA,1,FALSE,"0.1.0","2026-10-07T06:49:13Z","darwin-arm64"
"overhead","as_integer","double","fast",100,"auto",1.27099997371261,567149.032663405,200,NA,0.161290409142032,FALSE,"0.1.0","2026-10-07T06:49:13Z","darwin-arm64"
"overhead","as_integer","double","fast",100,"base",0.205000105779618,3171682.29619235,200,NA,1,FALSE,"0.1.0","2026-10-07T06:49:13Z","darwin-arm64"
"overhead","dot","double","fast",100,"auto",3.89499996344966,274001.506148109,200,NA,0.168421082741194,FALSE,"0.1.0","2026-10-07T06:49:13Z","darwin-arm64"
"overhead","dot","double","fast",100,"base",0.656000111121102,772698.945418306,200,NA,1,FALSE,"0.1.0","2026-10-07T06:49:13Z","darwin-arm64"
"overhead","mul","complex","fast",100,"auto",10.6190001361028,81821.7441885103,200,NA,0.0888030799572185,FALSE,"0.1.0","2026-10-07T06:49:13Z","darwin-arm64"
"overhead","mul","complex","fast",100,"base",0.942999918152054,706349.385550389,200,NA,1,FALSE,"0.1.0","2026-10-07T06:49:13Z","darwin-arm64"
